Timestamp,From Bank,Account,To Bank,Account.1,Amount Received,Receiving Currency,Amount Paid,Payment Currency,Payment Format,Is Laundering
2022/11/24 03:01,BOA,839958838,AXIS,828728463,17108.12,UAE Dirham,4277.03,Euro,Wire,0
2022/04/30 16:38,HSBC,897226012,AXIS,883140807,1641.73,Swiss Franc,2854.09,Australian Dollar,Bitcoin,1
2022/03/23 22:27,BOA,838898923,SBI,855176955,3653.9,Euro,3653.9,Euro,Credit Card,0
2022/01/23 23:29,ICICI,860806024,TD,820576383,12616442.33,Japanese Yen,313074.68,UAE Dirham,Bitcoin,0
2022/04/09 22:04,DB,848840994,AXIS,820709497,4801.2,Euro,4588.76,Swiss Franc,Bitcoin,0
2022/07/09 11:13,BOA,896977837,UBS,819583482,27628.73,British Pound,129957.35,Saudi Riyal,ACH,0
2022/11/24 22:35,DB,817507864,JPM,840742311,1020.64,Canadian Dollar,755.27,US Dollar,Cash,0
2022/06/11 06:41,CITI,896282117,TD,871586053,1416976.91,Japanese Yen,7475.39,British Pound,Cash,0
2022/10/27 13:57,CITI,839436733,JPM,828566572,12745.13,Indian Rupee,566.45,UAE Dirham,Wire,0
2022/03/23 21:27,ICICI,861220073,CITI,889978790,247.86,UAE Dirham,5576.94,Indian Rupee,Wire,0
2022/02/28 21:56,BARC,896028436,BOA,855657579,740180.42,Japanese Yen,4591.86,Euro,Reinvestment,0
2022/05/15 16:48,HSBC,824282218,TD,893926371,2106.56,UAE Dirham,84891.24,Japanese Yen,Bitcoin,0
2022/09/29 00:38,WELLS,825014631,HDFC,858718453,52.13,Swiss Franc,8792.3,Japanese Yen,Wire,0
2022/09/06 02:48,BARC,827232410,SBI,898550256,236.62,UAE Dirham,5323.97,Indian Rupee,Cash,0
2022/04/19 17:48,UBS,851837852,AXIS,863551839,156120737.8,Indian Rupee,2531687.64,Canadian Dollar,Cheque,0
2022/06/23 00:37,AXIS,839557077,BNP,810965138,9788.75,US Dollar,9063.66,Euro,Bitcoin,0
2022/09/21 07:17,WELLS,882374753,AXIS,827758595,7867.73,Saudi Riyal,7867.73,Saudi Riyal,Bitcoin,0
2022/02/18 03:42,JPM,865177213,CITI,872682989,6767.88,Euro,7309.31,US Dollar,Bitcoin,0
2022/05/08 06:12,WELLS,866623995,SBI,834627347,5159.18,Indian Rupee,9240.33,Japanese Yen,ACH,0
2022/10/09 03:03,HSBC,811980765,RBC,822517517,4329.1,British Pound,4865.45,Swiss Franc,Bitcoin,0
2022/01/31 05:24,CITI,871070189,BOA,848285503,598166.09,UAE Dirham,248468.99,Australian Dollar,Cheque,0
2022/01/30 18:47,HDFC,852091325,UBS,817672593,34081.22,Saudi Riyal,9201.93,US Dollar,Cash,0
2022/09/18 02:54,ICICI,819121552,BNP,841568532,1843796.83,Euro,3063539.35,Australian Dollar,Cash,0
2022/11/14 02:26,BNP,880166708,BNP,852462441,972.09,Swiss Franc,163950.09,Japanese Yen,Credit Card,0
2022/12/10 20:19,JPM,819736572,TD,811250299,221441.51,Saudi Riyal,4982434.02,Indian Rupee,Wire,0
2022/09/17 08:08,JPM,819233013,TD,842787299,922689.43,Japanese Yen,8354.08,Canadian Dollar,Reinvestment,0
2022/12/01 16:00,RBC,850181935,HSBC,899038526,7575.44,British Pound,8908.16,Euro,Reinvestment,0
2022/05/20 09:38,UBS,837326368,JPM,895125977,224.89,UAE Dirham,9062.83,Japanese Yen,Bitcoin,0
2022/11/21 13:53,HDFC,854769200,HDFC,827558317,1478.87,British Pound,280323.41,Japanese Yen,ACH,0
2022/02/27 02:56,TD,883227889,SBI,814835614,604595.05,Saudi Riyal,220595.49,Canadian Dollar,Wire,0
2022/01/21 11:13,AXIS,823796726,DB,857469942,1608638.92,Australian Dollar,3872649.25,UAE Dirham,Cheque,0
2022/04/01 13:01,UBS,854585178,TD,865259205,1187790.22,Japanese Yen,7042.65,Swiss Franc,ACH,0
2022/08/29 07:12,TD,856930359,WELLS,850962024,2011.98,Swiss Franc,2011.98,Swiss Franc,Credit Card,0
2022/02/05 08:22,HSBC,881969657,CITI,854446182,1551359.61,Euro,1675468.38,US Dollar,Cash,0
2022/05/16 01:06,CITI,852101056,JPM,868571795,9005.1,UAE Dirham,9005.1,Saudi Riyal,Cheque,0
2022/12/29 13:00,TD,882269803,BARC,836445607,7600.31,Australian Dollar,6675.95,Canadian Dollar,Credit Card,0
2022/12/06 03:46,BOA,851511484,HSBC,899508850,2658.84,Canadian Dollar,3026.99,Australian Dollar,Cheque,0
2022/12/07 12:43,TD,892613013,SBI,886384014,105.13,Australian Dollar,10198.91,Japanese Yen,Credit Card,0
2022/10/24 19:41,WELLS,869345683,WELLS,838682516,10807147.8,Indian Rupee,480317.68,UAE Dirham,Reinvestment,0
2022/02/13 09:32,DB,854988206,BNP,822534217,349353.84,Japanese Yen,2071.39,Swiss Franc,Wire,0
2022/09/01 19:54,ICICI,865625330,WELLS,894525678,47345.44,Swiss Franc,198149.45,Saudi Riyal,ACH,0
2022/12/02 22:00,BARC,824305904,RBC,867062156,312304.21,British Pound,350996.77,Swiss Franc,ACH,0
2022/05/08 03:29,BARC,899600766,WELLS,881287314,7576.98,Saudi Riyal,7576.98,UAE Dirham,ACH,0
2022/09/16 13:53,HSBC,831361812,WELLS,873709724,754984.16,Japanese Yen,421532.82,Indian Rupee,Credit Card,0
2022/09/24 15:40,BOA,820399639,WELLS,848349783,1507954.64,Japanese Yen,8940.97,Swiss Franc,Wire,0
2022/04/29 12:44,UBS,818620650,AXIS,865682626,187735.26,Canadian Dollar,213729.37,Australian Dollar,Cheque,0
2022/07/19 18:44,RBC,887267850,TD,861053877,22125.08,US Dollar,1843756.94,Indian Rupee,ACH,0
2022/08/03 17:47,HSBC,890967191,BARC,839600202,52.12,Swiss Franc,4907.86,Indian Rupee,ACH,0
2022/12/14 12:46,RBC,827129912,WELLS,893517915,854149.72,US Dollar,3163517.49,UAE Dirham,Reinvestment,0
2022/11/26 13:08,WELLS,816749089,SBI,844917589,2930.07,Canadian Dollar,3335.77,Australian Dollar,Bitcoin,0
2022/05/23 13:16,ICICI,812601580,WELLS,882399599,1053.14,Canadian Dollar,779.32,US Dollar,Reinvestment,0
2022/01/16 07:12,HDFC,830452412,BNP,842016960,30304856.42,Indian Rupee,286345.1,British Pound,Cheque,0
2022/05/12 11:10,BNP,825372341,UBS,831980274,2885.68,Euro,465154.71,Japanese Yen,Cash,0
2022/07/12 12:45,ICICI,894187049,BNP,842594692,516119470.39,Japanese Yen,3201852.27,Euro,Wire,0
2022/10/17 01:22,CITI,859737181,DB,819255216,1553.81,Canadian Dollar,4258.58,UAE Dirham,ACH,0
2022/07/05 20:57,WELLS,830534124,UBS,868450095,8068595.89,UAE Dirham,1715370.78,British Pound,Bitcoin,0
2022/09/05 14:27,UBS,846023439,BNP,853258988,4774.19,Euro,4562.94,Swiss Franc,Bitcoin,0
2022/11/09 21:24,HDFC,853622663,WELLS,834406132,28.22,Swiss Franc,2657.69,Indian Rupee,Credit Card,0
2022/12/26 08:35,HSBC,821490777,AXIS,842394260,6920264.54,Indian Rupee,127758.73,Australian Dollar,ACH,0
2022/09/09 14:50,ICICI,839742165,BOA,864277800,32183078.0,Japanese Yen,190820.02,Swiss Franc,Cash,0
2022/08/06 23:35,JPM,870900658,UBS,846361787,7240.71,Japanese Yen,7240.71,Japanese Yen,Credit Card,0
2022/10/02 22:11,AXIS,874988034,UBS,847111151,490450.21,UAE Dirham,490450.21,Saudi Riyal,Bitcoin,0
2022/04/27 11:11,HDFC,881690398,UBS,826989677,20033.77,US Dollar,2990115.35,Japanese Yen,Reinvestment,0
2022/11/23 15:06,HDFC,848163378,BNP,873001391,9658.43,Indian Rupee,9658.43,Indian Rupee,Credit Card,0
2022/09/02 03:52,CITI,819943140,WELLS,887446468,4466.23,British Pound,5672.11,US Dollar,Credit Card,0
2022/05/08 03:35,CITI,890010790,BNP,893002706,38060.87,UAE Dirham,9094.19,Swiss Franc,Credit Card,0
2022/08/08 09:36,HDFC,823318904,BNP,837888820,14666047.37,Japanese Yen,86957.98,Swiss Franc,Cheque,0
2022/03/22 00:26,UBS,873070585,BNP,849092160,2565.41,Swiss Franc,2898.91,US Dollar,Bitcoin,0
2022/12/18 07:59,BARC,893893865,BARC,889160218,4042.98,Australian Dollar,2325.61,Swiss Franc,Cheque,0
2022/03/14 02:03,BARC,889865458,BOA,886397676,3862.5,Indian Rupee,6917.91,Japanese Yen,Reinvestment,0
2022/05/20 16:34,WELLS,890267122,ICICI,815350023,19916.18,Canadian Dollar,22673.8,Australian Dollar,Cheque,0
2022/10/22 18:01,DB,846173157,RBC,887342561,5157.43,British Pound,6549.94,US Dollar,Credit Card,0
2022/10/27 13:40,WELLS,873083727,ICICI,856702542,997.43,Canadian Dollar,1135.54,Australian Dollar,Cheque,0
2022/12/22 15:18,CITI,883832717,RBC,814925405,36.67,Euro,3300.41,Indian Rupee,Bitcoin,0
2022/09/21 00:42,HSBC,865465150,WELLS,817275149,31760.49,UAE Dirham,7588.79,Swiss Franc,Reinvestment,0
2022/01/27 06:17,SBI,848658617,TD,868802946,70.41,Euro,6337.22,Indian Rupee,Bitcoin,0
2022/03/23 09:35,HSBC,822510327,CITI,840158811,307322424.0,Indian Rupee,3414693.6,Euro,Cheque,0
2022/05/30 16:45,CITI,874759996,RBC,873380266,18640964.96,Indian Rupee,197957.15,Swiss Franc,Cash,0
2022/03/11 02:17,BARC,865692629,RBC,855617282,5987999.55,Japanese Yen,148591.1,UAE Dirham,Credit Card,0
2022/10/24 21:31,SBI,882287061,WELLS,875007200,276280.73,Canadian Dollar,276280.73,Canadian Dollar,ACH,0
2022/04/07 22:15,CITI,865133300,AXIS,815858241,25134738.87,Indian Rupee,407590.36,Canadian Dollar,ACH,0
2022/11/30 04:31,SBI,889212676,HSBC,854559574,820203.3,Indian Rupee,9113.37,Euro,Wire,0
2022/07/29 20:09,WELLS,845570755,BARC,855440919,177520.84,Australian Dollar,427364.99,Saudi Riyal,Bitcoin,0
2022/10/01 12:20,UBS,875491202,TD,882613940,23512.93,Saudi Riyal,6348.49,US Dollar,Credit Card,0
2022/02/16 13:06,DB,823489853,UBS,869549527,134005729.43,Japanese Yen,706959.36,British Pound,Bitcoin,0
2022/07/03 11:27,AXIS,865304649,HSBC,885957578,6133.97,British Pound,6133.97,British Pound,ACH,0
2022/05/04 15:58,SBI,871894493,AXIS,895618110,107.78,Indian Rupee,193.03,Japanese Yen,Bitcoin,0
2022/05/28 21:34,ICICI,856381032,WELLS,888862539,2410.45,Australian Dollar,233849.55,Japanese Yen,Credit Card,0
2022/07/16 15:06,CITI,858178682,BNP,887149951,8317.37,Japanese Yen,8317.37,Japanese Yen,ACH,0
2022/10/17 21:49,HDFC,891390501,TD,876669607,1082.89,Swiss Franc,182637.27,Japanese Yen,Reinvestment,0
2022/05/09 21:48,BARC,828358198,DB,894322033,4821.28,US Dollar,4464.15,Euro,Cash,0
2022/03/09 02:58,JPM,865767881,UBS,833574011,391020.65,British Pound,439465.69,Swiss Franc,Credit Card,0
2022/05/20 05:16,RBC,849613214,WELLS,855461591,102006591.3,Indian Rupee,1133406.57,Euro,Cheque,0
2022/12/12 12:54,HSBC,822120246,JPM,862958901,34753007.46,Japanese Yen,232845.15,US Dollar,Reinvestment,0
2022/05/15 18:24,DB,824541967,JPM,841383044,5665.83,US Dollar,472152.88,Indian Rupee,Credit Card,0
2022/04/24 20:04,RBC,850559278,WELLS,897139443,5698.33,Euro,9467.99,Australian Dollar,Credit Card,0
2022/03/01 03:15,HSBC,862163160,SBI,870887034,20414.3,UAE Dirham,7448.46,Canadian Dollar,Cheque,0
2022/12/02 03:53,BNP,847546086,CITI,814391105,6228.12,Swiss Franc,9510.5,Canadian Dollar,Bitcoin,0
2022/12/18 11:34,DB,818126895,JPM,863437398,28285.55,Swiss Franc,4770548.55,Japanese Yen,Bitcoin,0
2022/12/06 06:41,BNP,816788532,HDFC,854762841,98364.04,British Pound,110550.73,Swiss Franc,Bitcoin,0
2022/04/17 18:13,RBC,854098516,AXIS,829804386,2657.31,US Dollar,9841.88,Saudi Riyal,Cheque,0
2022/03/31 03:42,HDFC,811994519,SBI,858082464,7638.13,Saudi Riyal,1825.04,Swiss Franc,Wire,0
2022/08/04 16:07,ICICI,870166480,WELLS,858592048,5088.0,Saudi Riyal,5088.0,UAE Dirham,Cash,0
2022/12/04 16:19,DB,818163847,HDFC,874287863,250231.74,Australian Dollar,250231.74,Australian Dollar,ACH,0
2022/02/11 10:38,ICICI,846912022,SBI,893794475,196643.16,UAE Dirham,196643.16,Saudi Riyal,Cash,0
2022/08/21 16:38,ICICI,825356396,BARC,897874085,2124.66,Swiss Franc,8892.1,UAE Dirham,ACH,0
2022/08/21 12:26,ICICI,867279295,JPM,851946203,32510.34,Canadian Dollar,3590694.66,Japanese Yen,ACH,0
2022/02/13 02:27,UBS,860015814,UBS,827463800,76997.88,US Dollar,285177.34,UAE Dirham,Credit Card,0
2022/07/30 11:55,BARC,816904975,CITI,848604965,234593.33,Japanese Yen,5821.39,Saudi Riyal,Cheque,0
2022/09/04 07:54,JPM,884660688,RBC,859333209,65370380.24,Japanese Yen,405538.47,Euro,Bitcoin,0
2022/11/15 19:43,HSBC,891737913,HDFC,898292612,47.28,US Dollar,7056.72,Japanese Yen,Credit Card,0
2022/06/29 00:11,SBI,898227303,BNP,863792364,413450.41,British Pound,486187.06,Euro,Wire,0
2022/04/21 12:26,JPM,859667685,SBI,851827259,1213703.24,Saudi Riyal,442837.67,Canadian Dollar,Cheque,0
2022/11/13 01:43,BOA,898843907,WELLS,866910299,124.64,Saudi Riyal,2804.35,Indian Rupee,Bitcoin,0
2022/06/26 13:07,DB,889609131,DB,875314742,161722.34,Japanese Yen,4013.11,UAE Dirham,Cash,0
2022/04/15 09:13,SBI,844295247,BARC,848848936,5135.76,Euro,7495.44,Canadian Dollar,Cheque,0
2022/09/30 22:14,HSBC,899663907,RBC,857535513,1147059.99,Australian Dollar,690360.18,Euro,Wire,0
2022/02/09 10:36,BNP,895918360,CITI,866061934,59.96,Euro,9665.38,Japanese Yen,Cheque,0
2022/11/13 14:53,TD,821828592,JPM,868614462,3884.61,Swiss Franc,4064.45,Euro,Wire,0
2022/06/08 23:21,JPM,832566390,BARC,820251466,26253.21,Euro,105012.82,UAE Dirham,Bitcoin,0
2022/11/27 04:15,SBI,836477373,BOA,833286644,70412.48,British Pound,331199.42,Saudi Riyal,Cheque,0
2022/11/18 15:29,BNP,887774890,BARC,870251043,9712.63,Saudi Riyal,9712.63,Saudi Riyal,Credit Card,0
2022/02/04 15:28,BOA,846866075,BARC,889379016,219053.85,Canadian Dollar,162099.85,US Dollar,ACH,0
2022/07/08 09:04,RBC,822119391,RBC,892545028,5845.26,UAE Dirham,5845.26,Saudi Riyal,Bitcoin,0
2022/01/22 14:58,BNP,835265073,DB,853154591,10783889.1,Indian Rupee,479283.96,Saudi Riyal,ACH,0
2022/06/25 22:05,DB,815253567,SBI,843251599,308804.65,Indian Rupee,308804.65,Indian Rupee,Credit Card,0
2022/05/25 12:26,JPM,890246882,DB,817028380,3853.37,Euro,5623.84,Canadian Dollar,ACH,0
2022/12/03 19:55,JPM,888213973,ICICI,899068509,11318.34,Canadian Dollar,6594.94,British Pound,Reinvestment,0
2022/11/01 22:05,HSBC,896368203,CITI,854087376,31691.25,UAE Dirham,6737.51,British Pound,Cash,0
2022/07/05 09:11,JPM,875266178,BARC,835770506,2694.51,British Pound,3028.34,Swiss Franc,Bitcoin,0
2022/10/04 23:56,HDFC,855199748,DB,892950779,8025.69,Saudi Riyal,1706.25,British Pound,Bitcoin,0
2022/11/16 05:46,HDFC,858895439,CITI,841880763,333.8,Saudi Riyal,7510.51,Indian Rupee,ACH,0
2022/05/03 09:51,WELLS,836040410,TD,859370777,65014.65,Indian Rupee,2889.54,Saudi Riyal,ACH,0
2022/08/03 05:52,BARC,828575536,BNP,843554863,249619445.83,Indian Rupee,2995433.35,US Dollar,Wire,0
2022/09/22 03:18,BARC,846613428,SBI,870306604,11680.08,British Pound,54939.65,UAE Dirham,Cheque,0
2022/06/28 00:26,CITI,860192261,HSBC,841645597,228.14,Euro,379.06,Australian Dollar,Wire,0
2022/11/29 10:50,SBI,848504300,HDFC,873411827,16085.61,Indian Rupee,151.99,British Pound,Wire,1
2022/04/21 04:35,BNP,866808292,HSBC,824923247,3.4,Swiss Franc,572.72,Japanese Yen,ACH,0
2022/11/15 14:04,RBC,877085942,TD,890092958,78778.78,US Dollar,291773.25,UAE Dirham,Reinvestment,0
2022/08/08 00:39,AXIS,865910756,BNP,835140847,3218227.8,UAE Dirham,804556.95,Euro,Cash,0
2022/09/17 17:01,RBC,815843091,WELLS,895318289,229.08,Canadian Dollar,260.8,Australian Dollar,Bitcoin,0
2022/05/04 23:42,ICICI,888101741,BARC,854629892,4383.56,US Dollar,3451.62,British Pound,Reinvestment,0
2022/12/17 14:44,DB,828099607,SBI,818469210,6.4,US Dollar,533.68,Indian Rupee,Cheque,0
2022/06/11 09:32,RBC,873538641,HSBC,843999198,7641.74,Swiss Franc,8635.17,US Dollar,Wire,0
2022/06/19 08:07,JPM,863690013,CITI,869020451,2400533.02,Canadian Dollar,2732914.52,Australian Dollar,ACH,0
2022/09/23 08:51,UBS,820593403,CITI,867795113,35587.62,British Pound,167393.6,Saudi Riyal,Wire,0
2022/06/01 09:28,UBS,832366682,CITI,869580374,537324.48,Indian Rupee,8713.37,Canadian Dollar,Credit Card,0
2022/08/11 08:40,HDFC,895565484,ICICI,864520614,939830.7,UAE Dirham,342911.2,Canadian Dollar,Wire,0
2022/11/08 21:50,HDFC,819023909,SBI,841674763,5715.72,Canadian Dollar,5715.72,Canadian Dollar,Cash,0
2022/08/19 11:23,BARC,887030477,ICICI,828481124,2382.8,Canadian Dollar,6530.65,UAE Dirham,Cheque,0
2022/01/14 23:11,HSBC,885386435,CITI,825805613,115139.51,Japanese Yen,115139.51,Japanese Yen,Cash,0
2022/09/09 06:07,RBC,870672142,ICICI,833173544,5378.94,Euro,484105.01,Indian Rupee,Credit Card,0
2022/12/30 02:35,BOA,850259503,TD,831139996,119221.42,Canadian Dollar,69467.6,British Pound,Cheque,0
2022/05/02 15:01,HSBC,859514418,BNP,872734149,11107.33,British Pound,52245.59,UAE Dirham,Credit Card,0
2022/09/03 16:26,CITI,887161840,RBC,819898653,395566.39,Canadian Dollar,230487.5,British Pound,Reinvestment,0
2022/03/07 17:40,SBI,827318510,BARC,868065043,71244.91,US Dollar,263870.05,UAE Dirham,Credit Card,0
2022/06/15 22:14,HSBC,848124318,TD,820584397,1659.66,Swiss Franc,279912.29,Japanese Yen,Cheque,0
2022/11/11 17:05,DB,889431184,SBI,887933054,363110.06,British Pound,363110.06,British Pound,Cash,0
2022/10/16 01:52,HDFC,816101779,ICICI,896094462,15547563.54,Japanese Yen,385809.91,Saudi Riyal,ACH,0
2022/01/16 15:56,HSBC,896155337,BOA,850546385,3670.57,Swiss Franc,345645.51,Indian Rupee,Credit Card,0
2022/12/19 01:10,CITI,872336371,WELLS,837383505,23649.03,Saudi Riyal,8628.7,Canadian Dollar,Credit Card,0
2022/06/26 12:08,JPM,885383550,HSBC,824251766,1799.56,Swiss Franc,2747.97,Canadian Dollar,Cheque,0
2022/01/26 09:24,BNP,843322272,CITI,831434525,282347.58,Saudi Riyal,103018.71,Canadian Dollar,Cheque,0
2022/09/21 14:31,BOA,813110670,WELLS,822086184,5978.1,UAE Dirham,2483.21,Australian Dollar,Cash,0
2022/01/26 09:31,TD,897813295,RBC,873161098,28.89,UAE Dirham,1164.22,Japanese Yen,Cheque,0
2022/07/07 12:23,CITI,886541906,HDFC,885405783,70289.91,Canadian Dollar,46030.56,Swiss Franc,Cash,0
2022/10/09 08:52,DB,825946545,BNP,827268907,16398.06,Australian Dollar,9869.2,Euro,Cash,0
2022/03/15 06:38,CITI,815402922,HSBC,816080513,318065.57,British Pound,403943.27,US Dollar,Cash,0
2022/11/07 16:08,TD,852752377,BNP,831810655,377059.78,Saudi Riyal,156624.83,Australian Dollar,Credit Card,0
2022/09/18 17:31,BNP,873739005,BOA,812232974,490150.04,Canadian Dollar,490150.04,Canadian Dollar,Cash,0
2022/12/19 20:01,WELLS,897991930,BOA,887641510,70708.08,Swiss Franc,295926.41,Saudi Riyal,Cheque,0
2022/11/14 12:09,DB,814237322,AXIS,886849080,3063.72,Swiss Franc,3205.56,Euro,Cheque,0
2022/04/15 13:32,BNP,873297813,TD,818359252,15606.84,UAE Dirham,3317.99,British Pound,Reinvestment,0
2022/07/12 10:11,TD,855946354,HSBC,883319550,11509699.34,Japanese Yen,104209.44,Canadian Dollar,Cheque,0
2022/06/02 07:19,BOA,837820354,UBS,875632882,576190.52,Indian Rupee,9343.63,Canadian Dollar,Bitcoin,0
2022/05/28 03:36,HSBC,862953249,CITI,856323191,1811666.37,Japanese Yen,9557.61,British Pound,Wire,0
2022/08/15 20:16,WELLS,837121108,AXIS,882286705,1917.29,UAE Dirham,77263.75,Japanese Yen,Cash,0
2022/05/03 07:03,TD,840289135,HSBC,895623471,3808.0,US Dollar,3369.91,Swiss Franc,ACH,0
2022/03/12 00:35,SBI,897629787,CITI,873847325,1600.89,Swiss Franc,150750.07,Indian Rupee,Credit Card,0
2022/02/15 20:36,HSBC,815006085,UBS,833496796,339601.62,British Pound,663529.32,Australian Dollar,Bitcoin,0
2022/09/11 05:59,RBC,848851599,TD,815028625,9339901.49,Japanese Yen,62577.34,US Dollar,Credit Card,0
2022/11/25 17:33,TD,877674279,SBI,872816684,1020.03,Swiss Franc,172035.21,Japanese Yen,Reinvestment,0
2022/05/12 22:11,UBS,849597485,JPM,886206305,287372.03,British Pound,322975.64,Swiss Franc,ACH,0
2022/09/21 10:05,DB,834800912,ICICI,828872606,8606.52,Canadian Dollar,530735.54,Indian Rupee,ACH,0
2022/05/17 10:19,UBS,811534878,BNP,845105069,831.96,Swiss Franc,1270.43,Canadian Dollar,Credit Card,0
2022/12/18 16:59,TD,851738753,UBS,825759274,1062.7,Canadian Dollar,117373.01,Japanese Yen,Cheque,0
2022/08/21 23:38,CITI,883717007,UBS,873193474,82043.57,Swiss Franc,343367.54,UAE Dirham,Cash,0
2022/02/11 16:28,UBS,820482769,JPM,885721444,488608.42,US Dollar,452415.2,Euro,Cheque,0
2022/03/18 05:20,HSBC,825601471,WELLS,837568520,115936.2,Indian Rupee,5152.72,Saudi Riyal,Bitcoin,0
2022/03/09 16:26,BNP,885000490,HDFC,872059365,54.83,US Dollar,8182.89,Japanese Yen,Reinvestment,0
2022/02/07 01:27,UBS,882633735,ICICI,818087373,373300.2,Indian Rupee,4147.78,Euro,Bitcoin,0
2022/11/25 23:41,JPM,861335545,TD,870201634,9645.03,Australian Dollar,9645.03,Australian Dollar,Bitcoin,0
2022/12/01 11:07,HSBC,880980044,CITI,827092236,553090.29,US Dollar,489460.43,Swiss Franc,ACH,0
2022/10/06 13:34,RBC,843220503,AXIS,871824078,5465.72,British Pound,9380.36,Canadian Dollar,Reinvestment,0
2022/01/17 21:26,BARC,812099943,TD,842301683,452.43,Euro,432.41,Swiss Franc,Cash,0
2022/01/25 07:47,CITI,841452485,WELLS,882445335,11227.1,US Dollar,9935.49,Swiss Franc,Cheque,0
2022/10/22 10:36,BARC,853038943,DB,841796721,15012.38,British Pound,2845629.74,Japanese Yen,ACH,0
2022/02/01 17:37,UBS,833505978,TD,894019376,23413.65,UAE Dirham,9725.67,Australian Dollar,Reinvestment,0
2022/09/26 10:44,CITI,850250352,SBI,860527631,40021.37,UAE Dirham,8508.48,British Pound,Credit Card,0
2022/03/15 14:58,HSBC,865902739,CITI,884797762,557.96,British Pound,2624.46,UAE Dirham,Credit Card,0
2022/08/19 11:05,UBS,835566010,RBC,816917129,3148.3,Australian Dollar,305431.8,Japanese Yen,Bitcoin,0
2022/10/28 23:42,AXIS,838036618,WELLS,854689713,13.27,US Dollar,1981.23,Japanese Yen,Reinvestment,0
2022/09/03 07:44,UBS,863235053,AXIS,842122457,71704.79,Canadian Dollar,196524.25,UAE Dirham,Cash,0
2022/06/07 08:23,TD,872546007,WELLS,823234972,35159.55,Canadian Dollar,2168172.15,Indian Rupee,ACH,0
2022/04/24 23:09,BOA,888387434,HSBC,887731247,326520.22,Japanese Yen,3365.67,Australian Dollar,ACH,0
2022/05/06 15:35,DB,844537812,JPM,875581613,7970.26,Indian Rupee,7970.26,Indian Rupee,Cheque,0
2022/10/07 15:11,TD,896142207,HSBC,817882882,12533.91,US Dollar,46421.9,UAE Dirham,Bitcoin,0
2022/01/04 13:08,DB,819122502,AXIS,830270856,170679.95,Swiss Franc,192868.34,US Dollar,Cash,0
2022/11/12 15:42,HDFC,881432350,HDFC,884040345,4712.31,US Dollar,7249.71,Australian Dollar,Cash,0
2022/01/09 16:52,DB,834060788,CITI,824363501,8000.52,UAE Dirham,2000.13,Euro,Cash,0
2022/07/01 08:50,ICICI,864496076,JPM,871605634,362315.54,Swiss Franc,1516357.64,Saudi Riyal,Reinvestment,0
2022/02/11 20:54,BARC,822549425,HDFC,864395532,37496.32,Australian Dollar,37496.32,Australian Dollar,Wire,0
2022/02/12 15:54,DB,854462389,BARC,885947990,6135796.96,UAE Dirham,1533949.24,Euro,Bitcoin,0
2022/10/18 15:17,TD,847631028,ICICI,882884346,2300.19,US Dollar,8519.23,Saudi Riyal,Wire,0
2022/10/28 04:48,UBS,863458386,RBC,820326375,1517.69,British Pound,287681.0,Japanese Yen,Bitcoin,0
2022/10/04 10:24,UBS,820526386,SBI,877215278,1774.69,US Dollar,2398.23,Canadian Dollar,Wire,0
2022/11/11 19:25,JPM,895110541,HDFC,846685332,5575.07,Indian Rupee,5575.07,Indian Rupee,ACH,0
2022/12/15 18:42,ICICI,893029219,BARC,849645162,1702.1,Euro,1626.79,Swiss Franc,Reinvestment,0
2022/03/20 23:24,JPM,822283664,ICICI,810697290,1546.97,Indian Rupee,2770.69,Japanese Yen,Cheque,0
2022/08/09 14:35,HSBC,823863742,CITI,813524813,441476.31,Canadian Dollar,302493.03,Euro,Bitcoin,0
2022/07/17 00:18,CITI,821368176,BARC,885099723,1447257.29,Saudi Riyal,345804.84,Swiss Franc,Cheque,0
2022/06/04 08:31,ICICI,868341261,SBI,847038975,83580.3,Japanese Yen,861.52,Australian Dollar,Credit Card,0
2022/11/17 15:38,AXIS,824357588,WELLS,828185096,13366.35,US Dollar,1994977.47,Japanese Yen,Cash,0
2022/06/18 14:21,RBC,897380687,RBC,889778067,1796587.49,Japanese Yen,9478.06,British Pound,Cheque,0
2022/04/01 12:20,UBS,894946730,UBS,875901885,686.94,Swiss Franc,2874.97,Saudi Riyal,Bitcoin,0
2022/02/28 18:12,HSBC,883833059,SBI,813612618,31.69,Swiss Franc,2984.18,Indian Rupee,Reinvestment,0
2022/07/29 21:31,DB,842483531,BOA,843914361,90351.55,Australian Dollar,46242.92,British Pound,Cash,0
2022/07/25 17:32,TD,866143368,RBC,882966824,551385.84,Canadian Dollar,408025.52,US Dollar,Cash,0
2022/02/13 03:49,DB,857648477,DB,832325574,88037.63,US Dollar,326065.29,Saudi Riyal,Reinvestment,0
2022/06/19 13:06,ICICI,839796480,BOA,878541804,291865.35,UAE Dirham,291865.35,UAE Dirham,ACH,0
2022/08/26 21:37,HSBC,856300738,SBI,813296743,102.37,Euro,9213.42,Indian Rupee,Wire,0
2022/03/14 11:19,WELLS,837765262,BARC,879942848,71.96,Canadian Dollar,4437.84,Indian Rupee,Reinvestment,0
2022/02/04 09:02,UBS,813031322,ICICI,856047142,3258881.02,British Pound,3832202.68,Euro,Cash,0
2022/03/23 10:35,WELLS,864364546,AXIS,894524999,221745.88,British Pound,221745.88,British Pound,Wire,0
2022/04/12 14:37,CITI,838829445,HDFC,837619925,2492.38,Euro,401756.15,Japanese Yen,Cash,0
2022/06/16 06:29,BOA,875697427,DB,880828710,10925.11,Saudi Riyal,3986.19,Canadian Dollar,Wire,0
2022/08/23 19:11,DB,849922369,UBS,892474715,40865.25,Euro,163461.01,Saudi Riyal,Cheque,0
2022/04/04 11:44,HSBC,866135102,CITI,890050918,9120.29,Saudi Riyal,1938.96,British Pound,Reinvestment,0
2022/11/27 05:35,WELLS,828830282,BOA,835111946,26769863.22,Indian Rupee,434105.89,Canadian Dollar,Wire,0
2022/04/10 12:35,DB,864913082,WELLS,875998330,49748.83,Indian Rupee,918.44,Australian Dollar,Wire,0
2022/04/23 09:02,AXIS,848744673,HSBC,832576626,17124.47,Saudi Riyal,385300.58,Indian Rupee,Cash,0
2022/10/21 03:17,HSBC,859239353,RBC,882751830,41249175.83,Indian Rupee,494990.11,US Dollar,Wire,0
2022/12/01 07:19,HDFC,845274462,WELLS,856785209,92541340.8,Indian Rupee,1028237.12,Euro,Bitcoin,0
2022/10/29 22:22,UBS,894929036,BNP,867467610,10091.94,Saudi Riyal,2145.53,British Pound,Cheque,0
2022/10/19 11:34,BNP,832599227,HSBC,853440052,476674.7,Japanese Yen,476674.7,Japanese Yen,Cash,0
2022/12/14 03:08,BARC,817957216,CITI,847221734,7142.81,British Pound,7142.81,British Pound,Bitcoin,0
2022/12/13 12:31,BNP,846066605,DB,894263610,6372.91,Australian Dollar,6372.91,Australian Dollar,Bitcoin,0
2022/09/21 23:17,TD,859535894,TD,871028216,7066.46,Canadian Dollar,435764.8,Indian Rupee,Bitcoin,0
2022/08/23 20:42,JPM,818500100,RBC,881729237,2422725.1,Swiss Franc,4211814.41,Australian Dollar,ACH,0
2022/05/26 10:35,SBI,875140950,BNP,856135950,7860.51,US Dollar,7860.51,US Dollar,ACH,1
2022/03/22 14:29,CITI,827705074,AXIS,897241147,23448.3,British Pound,4444677.67,Japanese Yen,Wire,0
2022/05/09 02:23,TD,832216400,DB,816950770,36871857.31,Japanese Yen,380063.76,Australian Dollar,ACH,0
2022/12/27 03:00,WELLS,827810664,ICICI,889682313,60896.96,UAE Dirham,14550.6,Swiss Franc,Reinvestment,0
2022/03/03 13:44,WELLS,840728728,ICICI,861414775,3738.86,Euro,3738.86,Euro,Credit Card,0
2022/03/10 20:43,ICICI,885603667,HSBC,811137460,1541.78,British Pound,7252.08,Saudi Riyal,Reinvestment,0
2022/07/30 19:43,RBC,821635070,AXIS,823484199,233039.87,Euro,198175.64,British Pound,ACH,0
2022/03/13 07:17,ICICI,884275638,AXIS,890664728,9418.66,Saudi Riyal,9418.66,Saudi Riyal,Wire,0
2022/12/04 09:13,BNP,835319707,HSBC,862579931,2672.97,US Dollar,398951.24,Japanese Yen,Cheque,0
2022/02/27 07:31,BNP,880905413,ICICI,811619606,8622.06,Canadian Dollar,8622.06,Canadian Dollar,Cash,0
2022/10/07 21:11,WELLS,819796799,BARC,812240013,558.97,Euro,2235.86,Saudi Riyal,Wire,0
2022/07/23 16:18,UBS,865758338,HSBC,866851305,164577.07,Euro,273451.13,Australian Dollar,Cheque,0
2022/06/08 02:32,AXIS,830854365,BARC,881993070,437146.26,Australian Dollar,383979.82,Canadian Dollar,Reinvestment,0
2022/02/03 09:44,UBS,842029368,RBC,817772004,1069251.64,Euro,1021939.62,Swiss Franc,Cash,0
2022/06/08 21:47,UBS,826031369,SBI,811699863,12109.27,US Dollar,9534.86,British Pound,Cash,0
2022/05/13 05:23,UBS,846072958,BARC,825845304,193608.77,Canadian Dollar,143270.49,US Dollar,Wire,0
2022/10/23 20:04,WELLS,858335011,HSBC,817440911,73.66,Saudi Riyal,1657.37,Indian Rupee,Bitcoin,0
2022/10/21 21:46,AXIS,878293320,UBS,810344739,4770.47,US Dollar,4770.47,US Dollar,ACH,0
2022/04/02 01:35,TD,898007006,UBS,866286795,13998.2,Canadian Dollar,9166.96,Swiss Franc,Credit Card,0
2022/02/09 18:23,HSBC,817069536,DB,834071191,20061088.08,UAE Dirham,4793357.33,Swiss Franc,Wire,0
2022/05/25 09:20,HSBC,811069604,WELLS,859515518,26802176.54,Japanese Yen,158915.56,Swiss Franc,Cash,0
2022/07/08 18:31,BARC,883357939,AXIS,842900372,771647.11,US Dollar,607596.15,British Pound,Cash,0
2022/12/22 00:21,BARC,860502752,DB,851273379,121095.83,Swiss Franc,126702.12,Euro,ACH,0
2022/03/14 22:17,HDFC,841067722,TD,879760901,6591.53,Canadian Dollar,7504.2,Australian Dollar,Cash,0
2022/03/10 20:52,ICICI,886211608,BNP,818359464,1373.6,British Pound,2683.81,Australian Dollar,Credit Card,0
2022/07/21 22:53,JPM,870768130,JPM,846501299,1164008.09,Euro,1112503.31,Swiss Franc,Bitcoin,0
2022/03/21 03:10,WELLS,864561191,JPM,826205010,523348.67,Canadian Dollar,1434363.02,UAE Dirham,Credit Card,0
2022/03/03 02:10,DB,890973889,BOA,815412975,10903.68,Canadian Dollar,7140.46,Swiss Franc,Credit Card,0
2022/01/26 21:19,RBC,814171767,SBI,864276605,5885.68,UAE Dirham,132427.79,Indian Rupee,ACH,0
2022/03/13 03:00,RBC,839835008,BARC,827544302,11021.76,Australian Dollar,6339.95,Swiss Franc,Reinvestment,0
2022/10/28 08:58,ICICI,818653290,HDFC,836541600,80.2,British Pound,8488.03,Indian Rupee,Bitcoin,0
2022/01/22 14:03,TD,868137264,BNP,863015826,51.89,US Dollar,4323.97,Indian Rupee,Credit Card,0
2022/04/06 08:17,TD,814650569,SBI,892423989,3021.54,Saudi Riyal,3021.54,Saudi Riyal,ACH,0
2022/09/03 01:05,CITI,866268745,SBI,836770773,96306.94,Swiss Franc,403062.36,UAE Dirham,Bitcoin,1
2022/07/15 22:22,HSBC,875052579,BARC,856175477,2777.31,UAE Dirham,2777.31,Saudi Riyal,Wire,0
2022/04/23 00:57,BARC,817863981,BOA,873308406,182361.95,Canadian Dollar,499806.82,UAE Dirham,Cheque,0
2022/12/03 07:17,RBC,817503932,BARC,839448924,3492.68,Australian Dollar,8408.3,Saudi Riyal,Bitcoin,0
2022/05/02 18:20,UBS,858155056,UBS,889398174,4103012.42,Canadian Dollar,3036229.19,US Dollar,Cash,0
2022/09/10 17:19,WELLS,822114140,HDFC,817538738,22231.03,Saudi Riyal,5311.84,Swiss Franc,Wire,0
2022/11/11 06:51,JPM,833818260,UBS,853431355,7076.49,US Dollar,7076.49,US Dollar,Cheque,0
2022/09/27 11:04,UBS,863095937,DB,888653825,2117.49,Canadian Dollar,1450.87,Euro,Cheque,0
2022/08/12 20:31,JPM,885427317,SBI,892370625,267894.79,Swiss Franc,409082.58,Canadian Dollar,ACH,0
2022/12/19 09:08,UBS,886884584,HDFC,862559853,877.59,US Dollar,3250.35,Saudi Riyal,Bitcoin,0
2022/04/24 20:36,TD,828876833,WELLS,854448673,3118.84,Swiss Franc,3263.23,Euro,Reinvestment,0
2022/02/15 22:42,UBS,855063530,TD,869945655,1039170.15,Japanese Yen,6962.44,US Dollar,Credit Card,0
2022/02/25 23:00,CITI,866324902,WELLS,832325567,112695930.75,Indian Rupee,2080540.26,Australian Dollar,ACH,0
2022/09/03 18:41,DB,831831387,AXIS,870570772,3515.72,US Dollar,3255.3,Euro,Wire,0
2022/03/29 12:10,ICICI,822496299,HSBC,855358959,3670270.91,Saudi Riyal,3670270.91,Saudi Riyal,ACH,0
2022/03/26 19:56,SBI,823590593,HDFC,854438762,5585.71,Swiss Franc,5585.71,Swiss Franc,Reinvestment,0
2022/12/05 09:19,ICICI,862734442,HDFC,886741644,82624.73,Indian Rupee,3672.21,UAE Dirham,ACH,0
2022/12/05 20:38,AXIS,813454186,ICICI,837776759,498724816.58,Japanese Yen,2631067.93,British Pound,Wire,0
2022/07/23 15:31,DB,822232184,BOA,896149847,3682.96,Australian Dollar,8866.38,UAE Dirham,Credit Card,0
2022/01/23 08:28,BOA,846045780,AXIS,885731895,265401.21,British Pound,337059.54,US Dollar,Wire,0
2022/10/05 13:48,AXIS,818185099,HSBC,861956500,1491980.83,Australian Dollar,3591805.7,UAE Dirham,ACH,0
2022/05/01 15:19,CITI,814661179,TD,877390918,341992.09,UAE Dirham,341992.09,Saudi Riyal,Cash,0
2022/08/18 05:10,BARC,826936398,AXIS,815727862,1480115.96,Euro,2459269.6,Australian Dollar,Bitcoin,0
2022/11/01 08:20,UBS,818994192,TD,821680625,8013.44,UAE Dirham,3328.66,Australian Dollar,Credit Card,0
2022/01/07 22:39,HSBC,866316931,BARC,825102023,3030.2,British Pound,5920.55,Australian Dollar,Bitcoin,0
2022/02/21 03:36,ICICI,848398732,BARC,881891508,7493.81,Australian Dollar,6582.4,Canadian Dollar,Cash,0
2022/01/20 05:17,SBI,891692326,BNP,863917932,3064189.75,Australian Dollar,1991723.34,US Dollar,Cheque,0
2022/09/01 08:57,HDFC,850675347,JPM,851734908,1999857.38,Indian Rupee,3581834.12,Japanese Yen,Bitcoin,0
2022/06/03 23:28,RBC,846160937,JPM,865938288,548.19,Euro,2192.77,Saudi Riyal,Bitcoin,0
2022/09/06 16:55,RBC,879158328,HDFC,831336920,33473345.91,Japanese Yen,207658.72,Euro,Bitcoin,0
2022/10/19 00:11,TD,836941091,RBC,817734634,10383.02,US Dollar,9188.51,Swiss Franc,Reinvestment,0
2022/07/08 14:32,DB,826625933,TD,814102122,6896.7,Canadian Dollar,4516.42,Swiss Franc,Bitcoin,0
2022/10/10 11:22,RBC,844716747,TD,822132198,11.48,US Dollar,1712.78,Japanese Yen,Cash,0
2022/04/20 07:41,DB,846115786,AXIS,897454571,18837.99,UAE Dirham,7825.01,Australian Dollar,Bitcoin,0
2022/08/31 04:41,BNP,811135982,BARC,840033905,3962.31,Saudi Riyal,159675.25,Japanese Yen,Reinvestment,0
2022/08/05 12:54,WELLS,839287523,BOA,872639147,5077.23,UAE Dirham,204604.74,Japanese Yen,Wire,1
2022/12/06 11:35,BNP,847940248,BNP,850060760,889629.3,Indian Rupee,9884.77,Euro,Reinvestment,0
2022/05/22 08:41,TD,850103064,DB,835281262,2120649.06,UAE Dirham,450846.65,British Pound,Bitcoin,0
2022/11/04 12:42,DB,813416548,SBI,897966375,7600.84,Japanese Yen,4243.8,Indian Rupee,ACH,0
2022/10/26 22:36,AXIS,839845082,JPM,881757508,6879.82,Canadian Dollar,424255.43,Indian Rupee,Bitcoin,0
2022/10/13 05:18,WELLS,844715663,SBI,885031958,204065.35,Canadian Dollar,118904.22,British Pound,Cheque,0
2022/06/07 13:50,JPM,844971668,JPM,888593968,1461389.79,Indian Rupee,2617414.55,Japanese Yen,Bitcoin,0
2022/10/25 19:04,TD,877172936,AXIS,826081422,1529.21,UAE Dirham,635.21,Australian Dollar,Bitcoin,0
2022/04/13 10:26,TD,871414198,TD,829223220,145036.86,British Pound,248914.61,Canadian Dollar,Reinvestment,0
2022/06/10 20:03,WELLS,838102825,BOA,832629881,1628.36,British Pound,7659.33,Saudi Riyal,Wire,0
2022/08/11 20:27,CITI,861447859,WELLS,810626681,14050.74,UAE Dirham,3793.7,US Dollar,Wire,0
2022/09/29 06:01,HDFC,843396474,DB,840368869,430431.49,Japanese Yen,3897.15,Canadian Dollar,Cash,0
2022/02/03 01:19,WELLS,879831928,UBS,890043415,2517.25,Canadian Dollar,6899.12,UAE Dirham,Cheque,0
2022/09/08 11:48,SBI,864142310,TD,812566878,74290.83,Swiss Franc,74290.83,Swiss Franc,Reinvestment,0
2022/09/16 05:07,UBS,815014834,DB,860357475,7469.82,UAE Dirham,301022.79,Japanese Yen,Wire,0
2022/12/01 00:03,ICICI,869634854,CITI,861036796,28194.0,UAE Dirham,7048.5,Euro,Cheque,0
2022/11/19 00:19,DB,898916958,ICICI,879834723,1915.96,Saudi Riyal,77210.13,Japanese Yen,Bitcoin,0
2022/09/19 23:39,BOA,824262473,ICICI,876805406,11315.23,Saudi Riyal,2703.64,Swiss Franc,Cash,0
2022/07/03 22:26,SBI,883569939,HDFC,876619601,11969.52,Indian Rupee,127.11,Swiss Franc,Reinvestment,0
2022/02/26 18:42,SBI,878679929,ICICI,820072800,37688471.46,Japanese Yen,233808.11,Euro,Credit Card,0
2022/01/26 03:52,RBC,848999266,HDFC,858347193,64379.15,Australian Dollar,56549.25,Canadian Dollar,Bitcoin,0
2022/01/05 04:42,SBI,857986515,JPM,868749047,37005350.51,Japanese Yen,918280.92,Saudi Riyal,Bitcoin,0
2022/02/28 12:25,BOA,861769856,RBC,874188958,3578.62,British Pound,6992.08,Australian Dollar,Wire,0
2022/03/23 03:26,BNP,886362294,WELLS,868809216,17169.13,Saudi Riyal,3650.13,British Pound,Wire,0
2022/03/08 15:58,ICICI,865201639,TD,869148126,2973.11,Euro,3210.96,US Dollar,Reinvestment,0
2022/09/26 23:36,BNP,899904987,AXIS,855405943,312937.12,UAE Dirham,312937.12,UAE Dirham,ACH,0
2022/05/08 15:22,DB,861657265,DB,829952062,6469.65,Saudi Riyal,6469.65,UAE Dirham,Cheque,0
2022/08/29 15:55,ICICI,875987872,BARC,853034742,1109504.58,Canadian Dollar,726578.22,Swiss Franc,Cheque,0
2022/07/13 12:52,ICICI,869618021,WELLS,886911446,27908.96,Euro,2511806.54,Indian Rupee,Wire,0
2022/12/01 00:06,CITI,884776858,HDFC,883698792,446253.62,Euro,481953.91,US Dollar,Reinvestment,0
2022/09/18 17:13,DB,855748676,WELLS,858767001,152802.29,Swiss Franc,172666.59,US Dollar,Bitcoin,0
2022/08/31 22:42,UBS,825303956,WELLS,823077775,9396.91,US Dollar,8315.85,Swiss Franc,Bitcoin,0
2022/09/25 11:44,HDFC,832032560,TD,876091781,12011.13,Australian Dollar,6147.43,British Pound,Cheque,0
2022/07/21 06:29,BARC,855356673,AXIS,824464073,2774588.75,US Dollar,4268598.07,Australian Dollar,Cash,0
2022/08/19 14:42,HSBC,876951647,SBI,810582186,59960.81,US Dollar,222077.09,UAE Dirham,Cash,0
2022/09/18 05:44,SBI,827231111,UBS,823898777,403730.5,Saudi Riyal,167703.44,Australian Dollar,ACH,0
2022/11/08 22:48,BOA,856017729,CITI,849483304,57.31,British Pound,6064.99,Indian Rupee,Reinvestment,0
2022/12/26 17:55,UBS,884300459,UBS,894903891,7172.41,Swiss Franc,7172.41,Swiss Franc,Reinvestment,0
2022/12/11 04:45,SBI,882811973,HSBC,895480242,195632.22,Euro,285517.3,Canadian Dollar,Cash,0
2022/12/08 22:26,UBS,881659221,TD,848376603,14549.18,US Dollar,22383.35,Australian Dollar,Cheque,0
2022/01/29 06:17,BARC,848468887,SBI,843629729,196365.98,US Dollar,154618.88,British Pound,Bitcoin,0
2022/07/03 14:06,RBC,885414925,DB,840106027,3266.85,Australian Dollar,7864.64,UAE Dirham,Bitcoin,0
2022/12/21 21:03,CITI,865910573,CITI,851963706,698.84,US Dollar,2588.28,UAE Dirham,Cash,0
2022/08/15 07:58,UBS,896923747,UBS,859357377,106269.85,UAE Dirham,106269.85,Saudi Riyal,Reinvestment,0
2022/05/31 14:11,ICICI,833326387,SBI,878967357,4757.33,Australian Dollar,2863.21,Euro,Credit Card,0
2022/10/27 08:00,WELLS,830777669,UBS,815360735,667769.21,Canadian Dollar,389093.87,British Pound,Reinvestment,0
2022/12/05 09:31,BNP,858061434,HSBC,819781894,5263.04,UAE Dirham,1920.3,Canadian Dollar,Wire,0
2022/03/23 13:34,CITI,856896070,ICICI,839688703,4590.84,Canadian Dollar,3006.39,Swiss Franc,Bitcoin,0
2022/09/01 17:52,DB,825397719,HDFC,899783401,398269.23,Indian Rupee,6458.42,Canadian Dollar,Cash,0
2022/01/21 21:56,CITI,825216804,TD,861791391,548.55,UAE Dirham,22105.81,Japanese Yen,Cash,0
2022/07/11 16:51,WELLS,815885670,WELLS,849786693,724763.35,Canadian Dollar,474623.79,Swiss Franc,Cheque,0
2022/10/03 17:00,ICICI,899970857,AXIS,894492003,192506.78,Australian Dollar,110733.99,Swiss Franc,Bitcoin,0
2022/08/11 20:52,UBS,830636590,DB,813188066,13.38,Canadian Dollar,825.16,Indian Rupee,Cheque,0
2022/10/13 02:36,AXIS,844715141,TD,864711545,12034872.96,Indian Rupee,222182.27,Australian Dollar,Wire,0
2022/03/02 17:00,UBS,818487605,BNP,888598977,4701.94,Euro,5078.09,US Dollar,Credit Card,0
2022/06/04 19:05,BARC,868743898,TD,861192463,3497.86,US Dollar,5381.33,Australian Dollar,Cheque,0
2022/10/07 09:40,BOA,896965116,DB,860080729,4208082.96,UAE Dirham,1136182.4,US Dollar,Wire,1
2022/11/02 12:34,ICICI,838192821,BOA,856150987,7530258.86,Australian Dollar,4331564.83,Swiss Franc,Cheque,0
2022/04/24 19:53,AXIS,834341456,ICICI,886140729,20524.74,UAE Dirham,5541.68,US Dollar,Credit Card,0
2022/05/09 03:12,BNP,854406060,WELLS,857934299,7005.47,Swiss Franc,6233.21,British Pound,Cheque,0
2022/08/19 10:39,BOA,888405961,UBS,830454105,3231.7,Saudi Riyal,3231.7,Saudi Riyal,ACH,0
2022/06/10 07:50,UBS,896011893,UBS,868535581,66.61,Canadian Dollar,7356.43,Japanese Yen,ACH,0
2022/07/03 09:31,ICICI,896644469,SBI,891420187,182150464.3,Japanese Yen,1130007.51,Euro,Cash,0
2022/11/17 02:46,TD,878072320,HDFC,894775473,1432993.04,Saudi Riyal,386908.12,US Dollar,Cheque,0
2022/10/10 08:34,HSBC,897766064,WELLS,829949181,8816.51,Australian Dollar,7744.23,Canadian Dollar,Reinvestment,0
2022/03/10 14:32,ICICI,858837208,CITI,877399750,358588.17,Swiss Franc,405204.63,US Dollar,Cash,0
2022/09/21 04:28,SBI,885942072,BNP,898504955,72166609.12,Indian Rupee,681889.22,British Pound,Bitcoin,0
2022/02/02 08:23,HDFC,837752746,DB,879509378,5238.03,Australian Dollar,4600.97,Canadian Dollar,Wire,0
2022/11/29 10:06,HSBC,846707919,DB,845341684,194563.19,UAE Dirham,194563.19,Saudi Riyal,ACH,0
2022/12/01 02:33,CITI,839917031,TD,879306247,157287.56,Canadian Dollar,179065.84,Australian Dollar,Bitcoin,0
2022/11/06 00:32,SBI,832227237,WELLS,840868838,454573.52,UAE Dirham,113643.38,Euro,Cheque,0
2022/11/05 22:52,DB,865648506,AXIS,854322017,22024833.3,Indian Rupee,244720.37,Euro,Cash,0
2022/07/30 00:15,SBI,889503557,BNP,831626387,27119.06,UAE Dirham,5765.47,British Pound,Wire,0
2022/04/03 16:25,BNP,812499138,DB,898817918,37.87,Euro,6104.61,Japanese Yen,ACH,0
2022/03/29 07:53,BNP,888201440,SBI,834412077,7269.45,UAE Dirham,7269.45,Saudi Riyal,Credit Card,0
2022/11/02 18:04,CITI,827745355,CITI,824572034,403164.8,Swiss Franc,455576.22,US Dollar,Reinvestment,0
2022/03/18 19:06,WELLS,892510102,TD,890505645,250307.56,UAE Dirham,67583.04,US Dollar,ACH,0
2022/11/05 17:52,TD,897138408,BARC,867914523,220.17,Australian Dollar,530.04,UAE Dirham,Cash,0
2022/09/04 12:22,BARC,887325627,UBS,823115341,3931.73,British Pound,7682.0,Australian Dollar,Bitcoin,0
2022/11/03 17:26,AXIS,810954835,HDFC,887576121,48441.16,Euro,193764.64,UAE Dirham,Cheque,0
2022/06/11 13:23,SBI,897453041,CITI,888567056,2406026.96,Japanese Yen,2406026.96,Japanese Yen,Credit Card,0
2022/12/15 12:48,CITI,884834795,HSBC,874755726,423978.31,Canadian Dollar,247042.48,British Pound,Credit Card,0
2022/12/28 12:47,RBC,898487446,RBC,825983420,44741421.52,Indian Rupee,475130.14,Swiss Franc,Wire,0
2022/07/25 10:51,BNP,816986408,UBS,831573890,268706.87,US Dollar,413395.18,Australian Dollar,ACH,0
2022/08/11 02:04,AXIS,820742751,JPM,891742470,3542925.94,Australian Dollar,2302901.86,US Dollar,Reinvestment,0
2022/12/31 19:03,RBC,895938445,SBI,876353000,79.24,US Dollar,6603.15,Indian Rupee,Bitcoin,0
2022/04/10 01:50,HSBC,841094351,HSBC,892569402,8362.56,US Dollar,6584.69,British Pound,Cheque,0
2022/05/22 12:22,CITI,888662348,CITI,836885204,11778.05,US Dollar,43622.41,UAE Dirham,Wire,0
2022/10/14 18:22,RBC,840372869,BOA,891384718,290700056.87,Indian Rupee,3087080.25,Swiss Franc,Credit Card,0
2022/09/17 03:35,HSBC,855629449,BOA,825704681,167608064.01,Japanese Yen,4159163.07,UAE Dirham,Cash,0
2022/08/15 12:36,BARC,855588495,AXIS,871585593,118616.25,Saudi Riyal,2668865.73,Indian Rupee,Credit Card,0
2022/11/21 07:43,AXIS,852376656,BARC,865354876,968580.77,UAE Dirham,353401.09,Canadian Dollar,Credit Card,0
2022/02/17 12:43,RBC,820204415,JPM,884430642,239585.5,Indian Rupee,2263.8,British Pound,Cash,0
2022/12/16 06:31,AXIS,842488275,AXIS,845622106,2571.98,Swiss Franc,2571.98,Swiss Franc,Cash,0
2022/02/24 03:58,DB,876124358,DB,892386462,15985361.78,UAE Dirham,4316047.68,US Dollar,Credit Card,0
2022/09/10 18:55,WELLS,878603195,SBI,847616749,41899.41,Swiss Franc,72840.52,Australian Dollar,Cash,0
2022/09/02 17:02,JPM,833461307,CITI,871363812,27692.72,UAE Dirham,6923.18,Euro,Wire,0
2022/07/14 18:06,JPM,844856447,BNP,835119175,192075.58,Japanese Yen,4766.32,UAE Dirham,Cash,0
2022/04/05 15:27,CITI,859970552,UBS,858999937,558511.04,Japanese Yen,5756.96,Australian Dollar,Cash,0
2022/02/21 23:17,AXIS,868011418,HSBC,861121302,330890.33,British Pound,371885.59,Swiss Franc,ACH,0
2022/04/01 13:31,TD,894644676,RBC,879391501,57289.9,Canadian Dollar,157016.75,UAE Dirham,Cash,0
2022/01/25 12:06,SBI,838919534,HDFC,844130183,37.92,Euro,3413.1,Indian Rupee,Credit Card,0
2022/10/13 08:22,CITI,857122567,ICICI,891279039,1373051.16,Saudi Riyal,328074.17,Swiss Franc,Cheque,0
2022/05/26 11:20,HSBC,869985944,WELLS,820523679,15296.55,Saudi Riyal,6353.95,Australian Dollar,Cheque,0
2022/11/24 10:26,BNP,864327674,BNP,819575640,2724.21,British Pound,3203.47,Euro,Reinvestment,0
2022/05/17 19:41,BOA,869713250,TD,858743159,2362950.77,UAE Dirham,2362950.77,Saudi Riyal,Cheque,0
2022/03/06 23:15,BOA,820746107,UBS,838262427,1429.32,Australian Dollar,731.54,British Pound,ACH,0
2022/01/14 12:33,ICICI,845225746,ICICI,892960269,521971.12,Euro,443880.95,British Pound,Credit Card,0
2022/05/26 14:40,SBI,832898616,HSBC,813834774,2653251.24,Canadian Dollar,1963405.92,US Dollar,ACH,0
2022/10/04 08:35,SBI,882381952,UBS,833761455,7514.22,Saudi Riyal,7514.22,Saudi Riyal,Cash,0
2022/11/24 20:34,TD,874646194,JPM,882433029,3893.53,Euro,3721.25,Swiss Franc,Credit Card,0
2022/01/06 00:33,BARC,828293937,RBC,856155452,193745.73,Indian Rupee,347007.28,Japanese Yen,ACH,0
2022/09/02 09:00,CITI,849315407,BARC,890128487,115711.75,US Dollar,102399.78,Swiss Franc,Cash,0
2022/05/08 05:45,DB,860782359,CITI,839607414,15.33,Euro,2471.66,Japanese Yen,Bitcoin,0
2022/11/10 22:43,BOA,881396350,DB,846080681,759770.8,Swiss Franc,1320832.31,Australian Dollar,Credit Card,0
2022/08/22 19:28,UBS,876034587,BNP,835204672,7178.14,US Dollar,9700.19,Canadian Dollar,Wire,0
2022/02/22 09:17,UBS,811101134,WELLS,841247296,1913.52,British Pound,2250.16,Euro,ACH,0
2022/09/13 11:29,BARC,854325223,HDFC,820767361,5060.92,US Dollar,3984.98,British Pound,Cash,0
2022/04/09 08:52,RBC,826369402,HDFC,843415162,538736.25,Indian Rupee,9945.9,Australian Dollar,Cheque,0
2022/02/18 16:42,WELLS,851890609,CITI,853360807,354703.6,US Dollar,279294.17,British Pound,Wire,0
2022/11/23 09:12,TD,899482259,HDFC,839231043,161533.22,Swiss Franc,169011.61,Euro,Cheque,0
2022/10/27 03:25,AXIS,815636254,HDFC,887990837,343.6,Saudi Riyal,7730.89,Indian Rupee,Cheque,0
2022/02/16 21:39,TD,893903841,BARC,818060088,477906.47,Canadian Dollar,353650.79,US Dollar,Bitcoin,0
2022/09/07 07:20,BARC,856616197,DB,868883853,209617.34,US Dollar,185502.07,Swiss Franc,Cheque,0
2022/01/21 15:45,HSBC,882844534,BOA,875779034,14823.42,Saudi Riyal,3541.88,Swiss Franc,Reinvestment,0
2022/11/03 17:10,HSBC,870315326,SBI,849684512,2.66,UAE Dirham,107.13,Japanese Yen,Reinvestment,0
2022/04/05 00:39,JPM,893241474,BARC,842049389,187801.52,Euro,274088.7,Canadian Dollar,ACH,0
2022/12/16 15:49,SBI,848000942,BNP,853298644,4637.57,Canadian Dollar,5279.69,Australian Dollar,Wire,0
2022/03/08 05:55,AXIS,875145297,ICICI,835718350,453369.71,US Dollar,419786.77,Euro,Reinvestment,0
2022/11/16 22:37,HDFC,839624910,JPM,891329718,1554467.13,US Dollar,1439321.42,Euro,ACH,0
2022/02/10 14:51,HDFC,884896161,JPM,865828293,103784.75,US Dollar,140249.66,Canadian Dollar,Wire,0
2022/06/05 02:13,ICICI,841006711,ICICI,881358338,3798.23,Swiss Franc,6603.08,Australian Dollar,Cash,0
2022/04/02 17:47,CITI,824161873,UBS,895714702,129253.27,Canadian Dollar,354249.7,Saudi Riyal,ACH,0
2022/03/27 05:35,HSBC,898252435,JPM,831230084,3588.01,Saudi Riyal,3588.01,UAE Dirham,Credit Card,0
2022/06/16 11:26,DB,853412847,CITI,891659860,811008.99,Saudi Riyal,193780.91,Swiss Franc,Cash,0
2022/05/11 11:28,CITI,814652375,HDFC,848182550,134128.41,US Dollar,496771.88,Saudi Riyal,Credit Card,1
2022/04/24 06:54,HDFC,847038339,BARC,884311410,290089.8,UAE Dirham,290089.8,UAE Dirham,Wire,0
2022/07/02 04:08,JPM,888135616,TD,843535226,9281771.09,Japanese Yen,55033.51,Swiss Franc,ACH,0
2022/04/22 23:04,JPM,874764506,BARC,833206579,2521.26,Saudi Riyal,56728.39,Indian Rupee,Reinvestment,0
2022/10/23 12:05,HDFC,854881018,TD,856698401,1042432.38,Australian Dollar,1042432.38,Australian Dollar,Bitcoin,0
2022/12/01 19:59,DB,894851591,BARC,861336531,24845537.31,Japanese Yen,166465.1,US Dollar,Cash,0
2022/09/15 22:14,HDFC,862731823,DB,869809598,118821.96,Saudi Riyal,118821.96,Saudi Riyal,Credit Card,0
2022/03/17 04:21,WELLS,816618423,BNP,883571770,491676.49,Japanese Yen,5068.05,Australian Dollar,Bitcoin,0
2022/03/11 15:35,WELLS,897543303,CITI,886682706,1550515.69,UAE Dirham,370477.2,Swiss Franc,Cheque,0
2022/05/17 13:20,TD,822025190,BNP,825103503,1985.85,Australian Dollar,1985.85,Australian Dollar,Credit Card,0
2022/01/13 09:10,BNP,869352435,RBC,893642093,867822.75,Indian Rupee,8199.9,British Pound,Cheque,0
2022/03/21 23:54,ICICI,817319968,UBS,842621391,890915.56,British Pound,4190602.8,Saudi Riyal,Wire,0
2022/02/26 09:28,HDFC,838052785,JPM,882209870,377674.02,Swiss Franc,377674.02,Swiss Franc,Cash,0
2022/03/14 22:44,HDFC,888249598,CITI,899057266,187.67,US Dollar,695.09,UAE Dirham,Cheque,0
2022/11/13 08:03,DB,818938604,HDFC,862163068,5304.34,Canadian Dollar,585852.46,Japanese Yen,Bitcoin,0
2022/07/17 07:24,UBS,852339783,ICICI,875050252,2068.86,UAE Dirham,2068.86,Saudi Riyal,ACH,0
2022/12/31 00:02,TD,850926679,HSBC,854770958,350.81,Australian Dollar,19002.39,Indian Rupee,Reinvestment,0
2022/11/17 09:15,BOA,818322800,BARC,893992429,42950.75,Australian Dollar,4166863.87,Japanese Yen,Wire,0
2022/05/24 07:09,TD,898171888,CITI,828422816,568607.54,Australian Dollar,342217.5,Euro,Bitcoin,0
2022/04/27 13:15,SBI,851927304,CITI,891251236,6864182.03,Indian Rupee,111311.06,Canadian Dollar,Cheque,0
2022/12/17 06:55,BOA,880303981,UBS,828153282,146773.94,British Pound,286773.7,Australian Dollar,Cheque,0
2022/10/13 17:46,SBI,829531743,JPM,813957187,2123306.44,Australian Dollar,1865066.47,Canadian Dollar,Reinvestment,0
2022/11/23 23:17,BARC,824330619,AXIS,827655789,393536.14,US Dollar,309870.98,British Pound,Credit Card,0
2022/11/10 07:38,AXIS,813501001,DB,858219240,762909.3,Indian Rupee,8476.77,Euro,ACH,0
2022/07/11 05:54,WELLS,828456645,WELLS,831983035,7668.93,Swiss Franc,7668.93,Swiss Franc,Wire,0
2022/07/31 07:47,AXIS,837455861,BARC,818876667,286251971.73,Indian Rupee,2704743.04,British Pound,Credit Card,0
2022/05/07 13:25,HDFC,861052956,BNP,851996390,7399660.26,Saudi Riyal,3073705.03,Australian Dollar,Cash,0
2022/12/27 01:33,WELLS,815692967,WELLS,842980201,7378.18,UAE Dirham,7378.18,UAE Dirham,Cash,0
2022/11/19 01:12,WELLS,850876565,CITI,848374806,58.3,British Pound,6170.03,Indian Rupee,Wire,0
2022/03/14 14:53,WELLS,877197151,ICICI,825189633,17086267.86,Saudi Riyal,3632513.64,British Pound,Cheque,0
2022/06/15 14:01,WELLS,837102854,BNP,871026547,1051131.76,Japanese Yen,6520.91,Euro,Reinvestment,0
2022/03/05 02:07,WELLS,858713437,DB,821449650,202642.81,Australian Dollar,487843.8,UAE Dirham,Cash,0
2022/07/13 17:24,BARC,854988861,SBI,885898994,1304900.44,British Pound,1304900.44,British Pound,Reinvestment,0
2022/06/07 09:46,WELLS,894081078,BOA,834252610,438716.44,British Pound,515898.04,Euro,Bitcoin,0
2022/08/23 15:54,HSBC,810771825,BARC,891602221,70.39,Swiss Franc,6628.76,Indian Rupee,ACH,0
2022/02/10 19:38,AXIS,883462947,TD,847327686,111742.42,UAE Dirham,111742.42,Saudi Riyal,Cheque,0
2022/12/01 11:02,RBC,899522760,HDFC,887590290,39019.43,Japanese Yen,968.26,Saudi Riyal,Wire,0
2022/04/02 05:43,BNP,889855385,DB,886810468,823182.51,British Pound,3872006.64,UAE Dirham,Credit Card,0
2022/02/17 09:20,TD,819082067,CITI,867354434,358.0,Euro,1432.0,UAE Dirham,Reinvestment,0
2022/06/18 16:26,AXIS,838058347,UBS,892148463,453593.95,Euro,489881.47,US Dollar,Cash,0
2022/09/05 23:44,TD,848545627,BARC,867318164,2113.99,Canadian Dollar,5793.91,Saudi Riyal,Cash,0
2022/03/08 19:36,HSBC,894806492,UBS,876805681,14619.66,British Pound,1547247.38,Indian Rupee,Credit Card,0
2022/01/01 03:01,DB,825827722,BARC,837827473,1414.19,Australian Dollar,3404.54,Saudi Riyal,Cash,0
2022/04/19 00:40,UBS,844147341,BOA,819104802,168722.68,Japanese Yen,168722.68,Japanese Yen,Wire,0
2022/06/20 10:25,BNP,813908068,BNP,833572537,705359.87,Canadian Dollar,461917.08,Swiss Franc,ACH,0
2022/01/19 20:08,SBI,871823092,DB,882070563,13124948.33,Indian Rupee,212837.0,Canadian Dollar,Reinvestment,0
2022/09/24 09:36,DB,884514623,JPM,881925331,152692.43,Swiss Franc,172542.45,US Dollar,Bitcoin,0
2022/03/18 08:53,JPM,894088862,CITI,881708931,478910.74,Saudi Riyal,101815.67,British Pound,Wire,0
2022/06/07 22:54,UBS,846439766,HDFC,865548633,195491349.0,Indian Rupee,2172126.1,Euro,Bitcoin,0
2022/04/21 16:19,ICICI,815019076,JPM,837125189,36137015.1,Indian Rupee,401522.39,Euro,Cash,0
2022/06/24 15:46,HSBC,853934556,BOA,829232735,300125.64,UAE Dirham,75031.41,Euro,Reinvestment,0
2022/07/18 22:55,ICICI,851739205,HDFC,815909601,2225.74,Euro,8902.94,Saudi Riyal,Wire,0
2022/12/04 23:19,BNP,851895110,BARC,895745109,4484.91,Canadian Dollar,2937.02,Swiss Franc,Cash,0
2022/08/14 21:07,SBI,846726921,SBI,825362614,222829.22,Saudi Riyal,60163.89,US Dollar,Cash,0
2022/06/13 08:09,BARC,887052108,BOA,842859865,10504.79,Euro,8933.21,British Pound,Cash,0
2022/03/08 00:30,DB,824217270,HDFC,861485872,1733.27,Euro,1871.93,US Dollar,Cash,0
2022/11/19 22:44,BNP,851935074,JPM,854604858,38652.53,UAE Dirham,9235.56,Swiss Franc,Bitcoin,0
2022/03/09 02:52,TD,872850928,UBS,823054418,641204.4,Japanese Yen,358005.79,Indian Rupee,ACH,0
2022/04/25 04:55,BNP,858781345,BOA,862623673,759216.14,Canadian Dollar,442377.91,British Pound,ACH,0
2022/02/03 15:07,WELLS,832924595,WELLS,847883942,709565.01,Saudi Riyal,258895.34,Canadian Dollar,ACH,0
2022/02/24 10:35,ICICI,850549608,BARC,881503899,2342.8,Australian Dollar,126901.89,Indian Rupee,Cheque,0
2022/09/04 12:04,AXIS,889318677,RBC,867867771,666414.11,Saudi Riyal,276818.17,Australian Dollar,Cheque,0
2022/12/09 02:47,UBS,875314414,BNP,825344154,5595.37,Saudi Riyal,5595.37,Saudi Riyal,Bitcoin,0
2022/06/07 12:04,ICICI,890048179,DB,860856575,2474454.55,Indian Rupee,40126.29,Canadian Dollar,Cheque,0
2022/10/25 20:51,BARC,898701999,SBI,830027490,275.3,UAE Dirham,6194.16,Indian Rupee,ACH,0
2022/12/15 10:19,BARC,850876026,TD,868348074,212154.21,Euro,309630.47,Canadian Dollar,Cash,0
2022/03/07 09:03,TD,817130627,HSBC,810113187,1055.87,Canadian Dollar,2893.87,UAE Dirham,Wire,0
2022/12/26 18:25,JPM,861377152,UBS,864496780,334618.9,Australian Dollar,334618.9,Australian Dollar,ACH,0
2022/10/12 12:53,JPM,866000400,RBC,830705405,4.27,British Pound,810.29,Japanese Yen,Wire,0
2022/09/07 21:27,ICICI,896200382,SBI,865815175,146871.92,Saudi Riyal,3304618.17,Indian Rupee,ACH,0
2022/10/10 14:24,AXIS,867011913,SBI,891144449,27170.52,Saudi Riyal,7336.04,US Dollar,Reinvestment,0
2022/07/30 17:36,HDFC,886255745,HDFC,874863150,329746.4,Euro,481251.5,Canadian Dollar,Wire,0
2022/09/27 08:29,ICICI,891882291,HSBC,821871068,31567595.25,Indian Rupee,335231.1,Swiss Franc,Reinvestment,0
2022/11/21 17:51,BOA,817083242,BNP,856109986,1397.35,US Dollar,5175.36,UAE Dirham,ACH,0
2022/06/19 13:22,BOA,832482565,BOA,814741407,11534080.43,Japanese Yen,286216.07,Saudi Riyal,Wire,0
2022/10/24 05:36,DB,893794410,BOA,813663887,2850.51,Indian Rupee,5105.4,Japanese Yen,Bitcoin,0
2022/05/10 04:39,BOA,844488013,RBC,811906295,23834.08,Saudi Riyal,5958.52,Euro,Cheque,0
2022/07/09 05:16,UBS,875084661,AXIS,834267798,252.6,US Dollar,935.57,UAE Dirham,Cheque,0
2022/03/20 15:48,BARC,841936764,CITI,898673262,69.64,British Pound,7370.17,Indian Rupee,Credit Card,0
2022/05/16 03:03,WELLS,873918769,CITI,850448811,305.19,UAE Dirham,6866.75,Indian Rupee,ACH,0
2022/03/16 16:55,HDFC,870239684,BOA,861271721,82492.54,UAE Dirham,30098.63,Canadian Dollar,Cash,0
2022/08/10 19:58,RBC,854958564,BOA,846282557,36.5,Euro,5883.35,Japanese Yen,ACH,0
2022/05/04 23:43,BARC,879786819,AXIS,855285947,582952.16,Canadian Dollar,339672.91,British Pound,Bitcoin,0
2022/07/30 03:33,DB,857179735,WELLS,839449560,334.63,Japanese Yen,334.63,Japanese Yen,Wire,0
2022/11/01 21:57,AXIS,895642035,BNP,826346394,1084582.64,Euro,1084582.64,Euro,Reinvestment,0
2022/11/28 18:51,TD,834731360,ICICI,844002147,26297.47,Indian Rupee,47099.95,Japanese Yen,ACH,0
2022/05/22 13:44,DB,853406567,BARC,844539133,843.89,Euro,717.64,British Pound,ACH,0
2022/01/31 08:52,SBI,819314506,WELLS,875997780,27163.02,Saudi Riyal,6490.28,Swiss Franc,Wire,0
2022/08/09 06:39,ICICI,869268093,TD,844761889,6216.81,US Dollar,5756.31,Euro,Credit Card,0
2022/01/10 15:09,DB,815078212,HDFC,899201885,326487.24,Japanese Yen,3365.33,Australian Dollar,ACH,0
2022/09/21 22:49,WELLS,864212251,CITI,819408620,2280.94,Swiss Franc,9546.14,UAE Dirham,Bitcoin,0
2022/03/04 18:34,JPM,850644896,JPM,863769608,7914.9,Euro,8548.09,US Dollar,Credit Card,0
2022/08/24 09:41,SBI,815278941,HSBC,861561575,75771684.51,Japanese Yen,449265.74,Swiss Franc,Reinvestment,0
2022/09/07 02:56,WELLS,835429494,UBS,828782825,8817.88,Swiss Franc,9964.2,US Dollar,Cheque,0
2022/02/02 17:41,WELLS,870305001,HSBC,812203625,10674.34,Canadian Dollar,7899.01,US Dollar,Wire,0
2022/04/19 20:42,WELLS,882016051,DB,829992217,159120.68,Swiss Franc,665949.5,Saudi Riyal,Cheque,0
2022/01/10 15:58,BNP,842572300,HDFC,897078639,755.12,US Dollar,594.58,British Pound,Credit Card,0
2022/02/19 14:39,RBC,818584245,BNP,824271532,28049218.2,Indian Rupee,311657.98,Euro,Wire,0
2022/08/07 10:51,UBS,863956682,DB,853518077,670316.16,Saudi Riyal,167579.04,Euro,Bitcoin,0
2022/01/24 18:11,ICICI,846761344,ICICI,828956482,143905.8,British Pound,281169.79,Australian Dollar,ACH,0
2022/10/25 01:08,BARC,894851724,RBC,892200507,2518.61,British Pound,4920.98,Australian Dollar,Wire,1
2022/02/15 22:41,TD,865864403,BOA,873889312,3127.12,Swiss Franc,2782.4,British Pound,ACH,0
2022/03/31 19:44,BNP,877093782,SBI,892147935,23411.82,Japanese Yen,145.24,Euro,Cheque,0
2022/09/29 03:39,RBC,882440371,BARC,878120967,31364120.86,Indian Rupee,333070.31,Swiss Franc,Credit Card,0
2022/02/27 04:43,TD,876775311,WELLS,833665782,4706.0,US Dollar,3705.51,British Pound,Cheque,0
2022/06/21 19:51,BARC,815813974,WELLS,824015162,29171.74,UAE Dirham,7876.37,US Dollar,ACH,0
2022/02/06 07:46,BNP,853751263,BNP,866246123,1817.65,Canadian Dollar,1190.32,Swiss Franc,Cheque,0
2022/07/31 06:24,AXIS,873215242,ICICI,888529753,13826.83,US Dollar,1152235.72,Indian Rupee,Cash,0
2022/07/18 11:08,UBS,894828438,AXIS,858129159,2.48,Swiss Franc,417.74,Japanese Yen,Cash,0
2022/03/11 03:54,WELLS,832978251,CITI,856113991,66936141.99,Japanese Yen,396878.01,Swiss Franc,Reinvestment,0
2022/03/29 18:35,AXIS,865256920,ICICI,880030620,4461.5,Swiss Franc,420124.62,Indian Rupee,Credit Card,1
2022/08/08 23:55,AXIS,868283876,JPM,887774748,19301639.82,Saudi Riyal,4611896.24,Swiss Franc,Wire,0
2022/01/23 01:30,BARC,814512474,HSBC,867136170,3323.23,Australian Dollar,8000.37,UAE Dirham,Bitcoin,0
2022/09/11 07:05,BARC,864575354,HDFC,839260335,11175.38,Canadian Dollar,6511.64,British Pound,Wire,1
2022/12/09 09:10,WELLS,886555214,RBC,888337534,122698.33,Indian Rupee,1472.38,US Dollar,Reinvestment,0
2022/07/09 20:29,DB,894195455,HDFC,819489004,136437.71,Canadian Dollar,155329.09,Australian Dollar,Bitcoin,0
2022/11/10 17:36,AXIS,820866138,BARC,893276088,337367.49,US Dollar,455902.02,Canadian Dollar,Credit Card,0
2022/02/26 12:23,BNP,859066128,HDFC,859181804,1339480.85,UAE Dirham,284771.52,British Pound,Bitcoin,0
2022/06/21 07:34,DB,887862305,WELLS,838158070,4194.5,Canadian Dollar,2746.84,Swiss Franc,Reinvestment,0
2022/01/28 02:23,WELLS,877303492,WELLS,880690141,30813395.4,Indian Rupee,342371.06,Euro,Cash,0
2022/08/20 19:23,DB,818808386,UBS,835280389,99.89,Euro,8989.66,Indian Rupee,Credit Card,0
2022/02/09 03:10,ICICI,829858055,UBS,876616115,356684.94,Swiss Franc,317365.34,British Pound,Credit Card,0
2022/12/16 17:59,WELLS,866388890,JPM,869573887,47486.57,Japanese Yen,318.16,US Dollar,Bitcoin,0
2022/09/24 20:21,BNP,898014684,JPM,896711527,21673560.92,Indian Rupee,351463.15,Canadian Dollar,Bitcoin,0
2022/08/23 09:36,TD,851137063,BARC,833050166,57.57,Swiss Franc,9710.17,Japanese Yen,Bitcoin,0
2022/03/17 11:18,SBI,831580852,BNP,881848989,22563.66,British Pound,4276992.55,Japanese Yen,Reinvestment,0
2022/03/20 05:15,HDFC,887111463,JPM,826974987,3816.79,Japanese Yen,2131.04,Indian Rupee,Reinvestment,0
2022/06/12 11:09,WELLS,831823481,HSBC,881624345,14395.88,Euro,2320530.49,Japanese Yen,ACH,0
2022/08/23 10:09,UBS,878103287,HSBC,854463735,2715300.63,Indian Rupee,4863225.01,Japanese Yen,Bitcoin,0
2022/10/21 21:09,BNP,869338400,UBS,855457454,101466433.8,Indian Rupee,1127404.82,Euro,Cash,0
2022/01/13 12:39,AXIS,857968550,WELLS,822412607,78161.3,US Dollar,105623.38,Canadian Dollar,Cash,0
2022/05/23 06:01,HSBC,869788371,RBC,821727533,1348.26,Australian Dollar,3245.8,UAE Dirham,Cash,0
2022/01/29 21:23,SBI,867396933,UBS,859610894,3087.25,Canadian Dollar,3514.71,Australian Dollar,Credit Card,0
2022/10/15 02:13,TD,865782199,WELLS,869391930,2561.18,British Pound,485476.73,Japanese Yen,ACH,0
2022/08/01 04:53,BNP,829278938,ICICI,837888268,1598985.55,Indian Rupee,2863854.71,Japanese Yen,Credit Card,0
2022/10/30 12:05,CITI,846685578,DB,865635129,26916.33,UAE Dirham,5722.37,British Pound,Cheque,0
2022/07/15 09:35,HDFC,850532800,RBC,888545322,132376.03,Indian Rupee,237091.4,Japanese Yen,Wire,0
2022/03/20 08:19,RBC,873423402,DB,826666744,93.57,Australian Dollar,9077.25,Japanese Yen,Reinvestment,0
2022/03/03 08:31,BNP,858554539,UBS,887989327,117.93,Saudi Riyal,2653.32,Indian Rupee,Reinvestment,0
2022/12/22 03:23,UBS,812354860,BNP,844834491,15356.84,Saudi Riyal,3264.84,British Pound,Reinvestment,0
2022/03/25 01:17,CITI,857779407,DB,816538403,468795.34,Japanese Yen,468795.34,Japanese Yen,Cash,0
2022/11/18 05:48,BNP,832432603,BARC,882975834,345633.9,Canadian Dollar,345633.9,Canadian Dollar,Credit Card,0
2022/12/24 22:23,HSBC,857194894,BNP,829289438,151792.88,British Pound,192776.96,US Dollar,ACH,0
2022/03/25 03:13,HSBC,835288872,AXIS,884981433,359148.09,UAE Dirham,359148.09,Saudi Riyal,Reinvestment,0
2022/02/28 13:29,ICICI,827613681,ICICI,812332623,59.83,Canadian Dollar,3689.43,Indian Rupee,Bitcoin,0
2022/11/02 16:48,SBI,850894029,UBS,813860039,6664.48,Swiss Franc,6973.02,Euro,Reinvestment,0
2022/03/06 06:08,CITI,824995099,UBS,820433455,2569441.67,Indian Rupee,30833.3,US Dollar,Wire,0
2022/12/04 16:37,WELLS,843958759,ICICI,815809144,61210149.31,Japanese Yen,379729.63,Euro,Bitcoin,0
2022/11/05 06:37,AXIS,857182050,SBI,813927092,400964.07,British Pound,471504.04,Euro,Cash,0
2022/03/24 16:49,BNP,877767769,AXIS,886535694,383989.58,Euro,383989.58,Euro,Cash,0
2022/04/09 09:10,BARC,810581018,HSBC,823245372,11033067.93,UAE Dirham,2636219.77,Swiss Franc,Reinvestment,0
2022/08/14 21:06,RBC,860951070,JPM,866920644,5094.08,UAE Dirham,1217.17,Swiss Franc,Credit Card,0
2022/02/26 16:08,BARC,848691113,JPM,884777007,1153.38,Euro,1245.65,US Dollar,Credit Card,0
2022/06/09 21:53,AXIS,864664494,HSBC,849002238,2603679.06,Swiss Franc,4526395.91,Australian Dollar,Bitcoin,0
2022/12/14 11:11,DB,824115931,WELLS,863199848,2295.68,UAE Dirham,51652.9,Indian Rupee,Cheque,0
2022/12/22 18:06,TD,832645646,TD,818685284,3922.73,Swiss Franc,5990.11,Canadian Dollar,ACH,0
2022/08/06 23:31,BARC,888103795,UBS,889678350,69.06,Australian Dollar,6700.1,Japanese Yen,ACH,0
2022/09/19 08:09,WELLS,826400072,ICICI,843647023,9429.79,Indian Rupee,9429.79,Indian Rupee,Wire,0
2022/01/28 02:31,HDFC,861356129,SBI,891145880,3653.39,British Pound,6270.0,Canadian Dollar,Bitcoin,0
2022/09/24 15:50,AXIS,898864649,BOA,876826878,155.64,UAE Dirham,3501.79,Indian Rupee,Bitcoin,0
2022/01/10 01:27,TD,861489930,ICICI,870413482,519.38,Australian Dollar,456.21,Canadian Dollar,Cheque,0
2022/06/05 22:10,CITI,851937627,SBI,862221499,2781.9,Euro,250371.32,Indian Rupee,Cash,0
2022/10/20 15:30,RBC,878006116,SBI,817480910,942172.09,Japanese Yen,9711.62,Australian Dollar,Cash,0
2022/05/26 10:03,BNP,827206452,HDFC,859178730,24459.17,Saudi Riyal,8924.29,Canadian Dollar,Credit Card,0
2022/08/08 11:22,JPM,898750131,HDFC,842779846,300340.52,Swiss Franc,300340.52,Swiss Franc,Reinvestment,0
2022/06/06 03:21,HDFC,853770661,HSBC,815016739,8338.91,Australian Dollar,451690.82,Indian Rupee,Credit Card,0
2022/08/29 18:01,CITI,862385285,BNP,853274663,14756.94,Euro,59027.77,Saudi Riyal,Reinvestment,0
2022/09/12 16:51,DB,832364326,JPM,892520800,12747.33,Canadian Dollar,1407913.82,Japanese Yen,Reinvestment,0
2022/02/08 17:13,BOA,849905650,HDFC,886976644,275755.95,Swiss Franc,479391.12,Australian Dollar,Reinvestment,0
2022/02/18 18:21,ICICI,881278157,BNP,873789440,494.09,Swiss Franc,858.95,Australian Dollar,Bitcoin,0
2022/06/03 13:42,JPM,865608317,AXIS,863995920,8413.82,Saudi Riyal,339064.52,Japanese Yen,Cash,0
2022/01/10 20:45,RBC,887422596,SBI,877001977,604123.42,Indian Rupee,6415.47,Swiss Franc,Bitcoin,0
2022/08/11 18:46,HDFC,836930522,HSBC,858892118,70.77,British Pound,7489.69,Indian Rupee,Bitcoin,0
2022/08/11 13:20,RBC,818647316,TD,895084307,5114.1,Australian Dollar,2941.74,Swiss Franc,Cheque,0
2022/11/04 07:25,ICICI,835758531,SBI,813718391,951606.73,Japanese Yen,5642.27,Swiss Franc,ACH,0
2022/01/19 06:10,SBI,844681437,HDFC,847281925,6525.47,British Pound,30693.86,UAE Dirham,Reinvestment,0
2022/01/11 01:55,ICICI,890745350,JPM,849994087,5852809.66,Australian Dollar,3522524.33,Euro,Wire,0
2022/03/13 07:07,UBS,826192377,HSBC,880055957,8857.19,UAE Dirham,8857.19,Saudi Riyal,Cheque,0
2022/06/10 10:53,UBS,841667072,CITI,866756516,1974.99,British Pound,2219.68,Swiss Franc,Credit Card,0
2022/05/11 18:03,HSBC,825161415,JPM,852478561,1054.59,Australian Dollar,2538.83,UAE Dirham,Credit Card,0
2022/03/16 11:30,JPM,851362065,RBC,812828532,90312.16,US Dollar,334489.48,Saudi Riyal,Wire,0
2022/12/10 07:16,CITI,895758290,BOA,858701586,17437648.52,UAE Dirham,4359412.13,Euro,ACH,1
2022/07/21 08:19,TD,841602967,RBC,849919426,2972778.34,British Pound,3341087.16,Swiss Franc,Bitcoin,0
2022/07/28 01:17,ICICI,875993764,RBC,873228801,386146.55,Canadian Dollar,439613.0,Australian Dollar,Bitcoin,0
2022/03/24 22:16,ICICI,866488286,JPM,890814633,135.28,Canadian Dollar,370.77,UAE Dirham,Wire,0
2022/04/05 20:28,DB,810412827,SBI,863775923,154169.1,Japanese Yen,914.1,Swiss Franc,Cheque,0
2022/11/29 04:54,DB,852869025,CITI,870597948,65.25,British Pound,6905.92,Indian Rupee,Bitcoin,0
2022/05/25 06:05,JPM,862813894,SBI,860643036,78.23,Swiss Franc,327.4,Saudi Riyal,Cash,0
2022/11/17 07:58,WELLS,845135941,AXIS,832650041,467988.37,Australian Dollar,304192.44,US Dollar,Cheque,0
2022/07/08 05:36,HDFC,880576741,UBS,868406016,7164.28,Indian Rupee,7164.28,Indian Rupee,Cheque,0
2022/05/17 09:47,CITI,867889258,SBI,837730181,423721.42,Swiss Franc,1773352.6,Saudi Riyal,Reinvestment,0
2022/04/03 13:50,HDFC,845138129,BOA,841606345,48675821.18,Indian Rupee,2163369.83,Saudi Riyal,Reinvestment,0
2022/02/13 00:30,RBC,863358890,JPM,838483372,135550.54,Australian Dollar,135550.54,Australian Dollar,Wire,0
2022/01/27 10:59,WELLS,857553566,TD,891386202,1375.64,US Dollar,5094.97,Saudi Riyal,ACH,0
2022/07/22 21:23,TD,815519702,HSBC,887911634,943801.45,Japanese Yen,4979.11,British Pound,Credit Card,0
2022/03/09 02:20,HSBC,829031501,CITI,844951103,1993.52,Canadian Dollar,1365.93,Euro,Bitcoin,0
2022/05/24 23:23,CITI,845328305,BOA,892266282,221.78,UAE Dirham,8937.45,Japanese Yen,Credit Card,0
2022/09/09 04:35,TD,895450010,DB,869054404,2102.32,Swiss Franc,2375.62,US Dollar,Wire,0
2022/03/25 22:29,ICICI,876425800,TD,815474970,49035.33,Canadian Dollar,3023845.34,Indian Rupee,ACH,0
2022/03/17 03:22,AXIS,848133464,RBC,834247098,1345217.96,UAE Dirham,285991.22,British Pound,Reinvestment,0
2022/10/26 00:33,BNP,865890810,SBI,820312681,41886291.01,Indian Rupee,444810.17,Swiss Franc,Wire,0
2022/12/15 03:25,BNP,824236463,TD,853424580,10571.38,US Dollar,8323.92,British Pound,Reinvestment,0
2022/11/18 08:38,HDFC,815885044,JPM,898070016,165201.75,Indian Rupee,7342.3,Saudi Riyal,Reinvestment,0
2022/10/19 04:13,HDFC,896388439,BARC,847977444,205798.85,US Dollar,278106.55,Canadian Dollar,Cash,0
2022/07/24 08:11,BARC,863541768,RBC,821970652,6917.68,Swiss Franc,7816.98,US Dollar,Credit Card,0
2022/12/01 04:07,WELLS,868030164,BARC,851621092,223.55,British Pound,1051.5,Saudi Riyal,Credit Card,0
2022/09/08 14:56,WELLS,885572241,BOA,890576371,245186.76,Euro,407387.24,Australian Dollar,Cash,0
2022/11/19 13:05,HSBC,872213255,JPM,840095669,34622363.23,Indian Rupee,327140.44,British Pound,Wire,0
2022/08/12 02:58,WELLS,829945631,BOA,827151649,917.76,Swiss Franc,154786.0,Japanese Yen,Wire,0
2022/01/24 16:06,CITI,822681476,CITI,872365138,237645.13,Japanese Yen,5897.12,Saudi Riyal,Bitcoin,0
2022/02/28 23:42,SBI,834455561,BARC,862741841,6549.4,Euro,7073.35,US Dollar,Credit Card,0
2022/08/21 21:28,BARC,855813124,BOA,835124449,8740.72,British Pound,9823.64,Swiss Franc,Credit Card,0
2022/02/24 13:34,HDFC,825660291,CITI,811785713,435018.39,Indian Rupee,4110.41,British Pound,Reinvestment,0
2022/11/05 23:31,BNP,892778089,RBC,858416197,139471.57,Japanese Yen,1437.63,Australian Dollar,Cheque,0
2022/01/09 22:12,HDFC,874574456,AXIS,897056735,7078.27,Swiss Franc,6297.99,British Pound,Bitcoin,0
2022/02/14 09:49,SBI,866623671,WELLS,812928205,3252343.74,British Pound,3824515.32,Euro,ACH,0
2022/08/30 00:55,BNP,837023185,AXIS,849571601,73.92,Australian Dollar,177.96,Saudi Riyal,Reinvestment,0
2022/08/10 13:54,UBS,889972230,BNP,884397493,32.91,US Dollar,4912.4,Japanese Yen,Cash,0
2022/12/14 15:14,HDFC,812552775,HSBC,866640491,51535.68,Canadian Dollar,141245.95,Saudi Riyal,Reinvestment,0
2022/08/31 03:31,DB,870173215,JPM,868549800,1577.0,British Pound,2002.79,US Dollar,Credit Card,0
2022/09/17 07:37,DB,890812511,JPM,898175428,35465.93,British Pound,3753477.52,Indian Rupee,ACH,0
2022/12/11 20:47,BARC,831746728,WELLS,893462271,8809619.99,Japanese Yen,52234.03,Swiss Franc,ACH,0
2022/04/13 05:38,ICICI,865832475,BARC,876266658,3.35,Swiss Franc,565.79,Japanese Yen,Wire,0
2022/05/14 11:43,SBI,877575794,RBC,814290941,9068.89,Canadian Dollar,6213.87,Euro,Wire,0
2022/09/07 08:21,JPM,816264794,BARC,884762274,23379.47,British Pound,4431630.54,Japanese Yen,Cash,0
2022/12/28 01:59,BARC,824888885,WELLS,824212564,474217.91,Saudi Riyal,474217.91,Saudi Riyal,Bitcoin,0
2022/09/17 03:10,ICICI,837566472,RBC,858538289,72667258.06,Japanese Yen,383362.7,British Pound,ACH,0
2022/02/20 04:41,JPM,828491507,RBC,826506561,373040011.71,Indian Rupee,3961486.85,Swiss Franc,Wire,0
2022/08/31 10:18,SBI,845704013,ICICI,859987561,114427.34,Canadian Dollar,130271.13,Australian Dollar,Bitcoin,0
2022/08/04 07:08,CITI,864936566,CITI,871572793,909098.79,Canadian Dollar,2491604.1,UAE Dirham,Bitcoin,1
2022/09/22 02:05,JPM,832055285,CITI,868260195,513055.88,Australian Dollar,333486.32,US Dollar,Reinvestment,0
2022/10/22 01:40,BARC,879763470,DB,849691460,3653556.78,Australian Dollar,3653556.78,Australian Dollar,Bitcoin,0
2022/06/10 11:00,BOA,880839007,TD,891926643,4163.29,Australian Dollar,2130.82,British Pound,Cash,0
2022/11/13 20:28,JPM,897074691,TD,864291836,914218.91,Japanese Yen,5420.59,Swiss Franc,ACH,0
2022/03/06 16:34,AXIS,878675400,ICICI,884059443,158.65,UAE Dirham,6393.29,Japanese Yen,Wire,0
2022/10/04 18:16,RBC,850794416,BARC,866739991,105593.97,Euro,422375.89,UAE Dirham,Credit Card,0
2022/07/01 03:03,DB,870228445,ICICI,849991663,2654.43,US Dollar,9831.21,Saudi Riyal,Bitcoin,0
2022/10/25 18:45,DB,881576791,DB,889933222,10234.94,Canadian Dollar,6702.53,Swiss Franc,Bitcoin,0
2022/12/11 04:45,HSBC,843236783,UBS,824123318,1132454.7,UAE Dirham,413192.93,Canadian Dollar,Credit Card,0
2022/03/17 22:27,CITI,822381399,ICICI,818347493,2311.86,British Pound,4517.02,Australian Dollar,Credit Card,0
2022/07/26 18:35,BARC,845392370,CITI,888423925,66472.25,Australian Dollar,3600580.38,Indian Rupee,ACH,0
2022/08/02 05:09,SBI,871433172,WELLS,827365785,2205.16,UAE Dirham,2205.16,UAE Dirham,ACH,0
2022/03/22 17:23,ICICI,864844029,BNP,824809069,43401.77,Canadian Dollar,29738.25,Euro,Cheque,0
2022/06/06 11:19,WELLS,829175605,HDFC,829077681,3718.98,Australian Dollar,8953.1,Saudi Riyal,Credit Card,0
2022/09/08 00:07,JPM,815997180,ICICI,866045988,203.49,Saudi Riyal,4578.51,Indian Rupee,Credit Card,0
2022/09/01 23:53,SBI,828592146,BARC,877748258,83001.47,Indian Rupee,83001.47,Indian Rupee,Reinvestment,0
2022/11/16 21:39,CITI,863069304,AXIS,855499525,1216402.44,US Dollar,4505194.24,UAE Dirham,Reinvestment,0
2022/02/15 05:45,BNP,851452887,DB,885302098,38224.68,UAE Dirham,9556.17,Euro,Cash,0
2022/01/28 18:33,BARC,877463037,WELLS,812505049,1151.36,UAE Dirham,287.84,Euro,Bitcoin,0
2022/12/28 18:28,BARC,891450675,HSBC,853007542,20784.47,Saudi Riyal,8633.55,Australian Dollar,Wire,0
2022/04/03 13:01,HSBC,861272646,JPM,844517819,2938006.73,Euro,2938006.73,Euro,Credit Card,0
2022/05/11 02:09,CITI,832708438,DB,817907267,2613.05,Canadian Dollar,7161.68,Saudi Riyal,Credit Card,0
2022/06/13 04:26,JPM,860400522,BOA,826235817,5318.89,Swiss Franc,6010.35,US Dollar,Cheque,0
2022/09/16 12:07,HDFC,872387558,JPM,884238655,2488.17,Euro,4134.19,Australian Dollar,Cheque,0
2022/01/10 08:35,DB,843059986,ICICI,884451573,43318621.45,Japanese Yen,228531.31,British Pound,Bitcoin,0
2022/04/15 04:23,SBI,842905017,BARC,882146810,264.6,UAE Dirham,109.91,Australian Dollar,ACH,0
2022/11/14 09:41,HDFC,874717944,HDFC,846682099,7909598.42,Japanese Yen,196275.22,Saudi Riyal,Credit Card,0
2022/04/19 18:53,BOA,831664929,HDFC,881684250,1003.38,Euro,4013.52,Saudi Riyal,Wire,0
2022/10/12 08:56,AXIS,877755826,BNP,852722031,406988228.48,Japanese Yen,3684893.42,Canadian Dollar,Credit Card,0
2022/06/14 10:13,BNP,812130654,JPM,827948365,33423.37,Saudi Riyal,9024.31,US Dollar,Reinvestment,0
2022/10/12 22:45,BARC,882226781,CITI,820891605,33350.52,UAE Dirham,8337.63,Euro,Reinvestment,0
2022/03/05 11:52,RBC,858045348,BNP,861908845,4785.06,US Dollar,3767.76,British Pound,Cheque,0
2022/04/24 23:01,BOA,858025924,DB,835704262,1624492.4,Saudi Riyal,406123.1,Euro,Cheque,0
2022/09/10 11:02,WELLS,891339562,TD,838063091,2984922.54,Swiss Franc,3372962.47,US Dollar,Wire,0
2022/10/19 16:31,HSBC,898562013,AXIS,885927914,5922.83,Saudi Riyal,5922.83,Saudi Riyal,Reinvestment,0
2022/05/13 18:54,TD,846819677,HSBC,835749878,1272345.81,UAE Dirham,343533.37,US Dollar,ACH,1
2022/08/07 20:43,HDFC,853352227,RBC,868055632,507496.72,Japanese Yen,5231.12,Australian Dollar,ACH,0
2022/01/23 23:14,BOA,866379776,TD,881458898,32.86,Canadian Dollar,2026.62,Indian Rupee,Wire,0
2022/01/13 23:14,CITI,843552306,ICICI,836424359,10807.61,Canadian Dollar,6297.35,British Pound,Wire,0
2022/08/10 00:37,DB,854869326,TD,843609390,10036.23,Euro,9592.15,Swiss Franc,Bitcoin,0
2022/06/20 16:50,ICICI,890525899,BARC,893156815,3263.09,Euro,293677.89,Indian Rupee,Wire,0
2022/01/18 12:20,RBC,818727939,UBS,827117564,512192.5,Indian Rupee,6146.31,US Dollar,ACH,0
2022/12/13 01:35,BOA,861198088,RBC,863912988,496899.48,Saudi Riyal,124224.87,Euro,Cash,0
2022/11/16 00:29,WELLS,867459379,BARC,893243271,2345.52,Euro,9382.09,Saudi Riyal,Bitcoin,0
2022/09/22 10:37,ICICI,811649345,ICICI,889883050,419484.52,Saudi Riyal,104871.13,Euro,Cash,0
2022/09/18 08:22,WELLS,893329195,UBS,869676465,602.74,Swiss Franc,536.3,British Pound,Cheque,0
2022/08/12 16:41,JPM,888338313,BOA,882631078,6072.96,British Pound,6072.96,British Pound,Credit Card,0
2022/01/05 16:37,DB,817693044,SBI,841861591,2399275.13,UAE Dirham,2399275.13,UAE Dirham,Cheque,0
2022/11/24 06:50,JPM,899638670,AXIS,873850736,18999.3,Saudi Riyal,427484.25,Indian Rupee,Cash,0
2022/11/12 09:26,SBI,870975394,ICICI,815662934,35834.89,Swiss Franc,3374451.73,Indian Rupee,Reinvestment,0
2022/11/16 06:15,UBS,854495204,BARC,860454028,17210.4,Australian Dollar,9899.79,Swiss Franc,Credit Card,1
2022/07/03 00:35,SBI,869110577,BOA,836092388,143.72,Canadian Dollar,393.89,Saudi Riyal,Cheque,0
2022/04/23 08:46,JPM,884424395,RBC,843012764,9490.75,Swiss Franc,8444.53,British Pound,Wire,0
2022/12/13 04:24,BARC,824894008,TD,855417034,634054.81,Japanese Yen,3759.44,Swiss Franc,Credit Card,0
2022/09/27 19:56,TD,818774822,UBS,825903904,103923.83,British Pound,103923.83,British Pound,ACH,0
2022/06/12 19:27,AXIS,816200213,TD,892681879,435780.56,Swiss Franc,1823822.36,Saudi Riyal,Cheque,0
2022/01/28 20:50,RBC,878218774,SBI,888394188,4189.23,Swiss Franc,394485.96,Indian Rupee,Bitcoin,0
2022/02/03 05:32,BARC,896580039,TD,878338099,6025404.98,Indian Rupee,97709.27,Canadian Dollar,Reinvestment,0
2022/12/22 15:45,WELLS,888005556,BOA,863814070,2419.03,US Dollar,8959.36,Saudi Riyal,ACH,0
2022/07/22 06:19,TD,886688035,CITI,831100279,8374353.58,Japanese Yen,75821.85,Canadian Dollar,Wire,0
2022/09/23 11:14,HDFC,878754653,WELLS,893366096,4988.52,Australian Dollar,4381.81,Canadian Dollar,Credit Card,0
2022/06/12 08:24,SBI,841378816,WELLS,845651567,2663995.43,Canadian Dollar,1825330.2,Euro,Cash,0
2022/11/26 02:50,TD,823208247,AXIS,825916596,3040.11,Canadian Dollar,2083.04,Euro,Cheque,0
2022/05/09 09:47,BARC,846838009,DB,835587594,826099.04,British Pound,3885725.1,Saudi Riyal,Reinvestment,0
2022/05/14 00:49,BOA,856524207,RBC,864198613,38100.71,Saudi Riyal,15826.45,Australian Dollar,Reinvestment,0
2022/03/18 12:14,UBS,838168948,UBS,873678024,1175122.45,UAE Dirham,280781.47,Swiss Franc,ACH,0
2022/08/25 10:50,JPM,835212337,RBC,867551618,4914.78,Swiss Franc,8544.15,Australian Dollar,Wire,0
2022/10/23 04:19,HDFC,898429098,WELLS,857601987,4511.41,Swiss Franc,6889.05,Canadian Dollar,ACH,0
2022/12/20 17:19,BNP,886178952,HDFC,814323017,4974158.17,British Pound,4974158.17,British Pound,Cash,0
2022/11/05 19:36,CITI,837407879,CITI,862430296,19201.2,UAE Dirham,4800.3,Euro,Credit Card,0
2022/08/20 20:57,ICICI,824000677,SBI,884209891,388173.37,US Dollar,305648.32,British Pound,Wire,0
2022/02/05 12:18,AXIS,898525972,BOA,880383199,471011.4,Indian Rupee,5233.46,Euro,Cheque,0
2022/07/30 12:10,SBI,866158469,HSBC,874189781,7303537.75,Australian Dollar,4395647.72,Euro,Cheque,0
2022/06/08 13:52,DB,831311258,WELLS,891028510,10324991.82,Japanese Yen,256212.76,Saudi Riyal,Reinvestment,0
2022/04/14 00:09,ICICI,863584671,RBC,891181404,24003.59,UAE Dirham,5735.37,Swiss Franc,ACH,0
2022/10/22 01:47,BOA,871244438,DB,856544270,4194.12,Australian Dollar,406892.53,Japanese Yen,Cheque,0
2022/04/02 19:46,WELLS,898460225,CITI,834621479,2365.57,Euro,9462.3,Saudi Riyal,Cheque,0
2022/03/22 08:56,HSBC,899477179,BOA,818958209,719661.22,Indian Rupee,7642.42,Swiss Franc,Wire,0
2022/02/09 03:32,BARC,865042162,JPM,870523603,102716.46,Japanese Yen,541.89,British Pound,Wire,0
2022/12/22 21:47,CITI,863598753,JPM,836092407,802.98,US Dollar,1235.36,Australian Dollar,Cheque,0
2022/08/26 15:29,ICICI,898184081,HSBC,842520097,27.06,British Pound,2863.5,Indian Rupee,Cheque,0
2022/01/10 19:06,BOA,881760022,ICICI,862458932,18218.86,Euro,15493.2,British Pound,Credit Card,0
2022/07/03 05:13,HDFC,881443936,TD,839013376,4891.69,US Dollar,407640.79,Indian Rupee,Reinvestment,0
2022/12/04 03:24,BOA,817035056,WELLS,890289763,385885.98,US Dollar,385885.98,US Dollar,Cheque,0
2022/05/03 06:05,CITI,811954205,HDFC,855247029,9243.64,Euro,8834.63,Swiss Franc,Bitcoin,0
2022/12/07 05:46,HDFC,878786599,CITI,824453078,102878.29,Canadian Dollar,102878.29,Canadian Dollar,Cheque,0
2022/07/22 13:07,AXIS,857858864,ICICI,853401695,4103.09,US Dollar,3230.78,British Pound,ACH,0
2022/04/23 02:42,BOA,893739701,DB,859523652,2175866.44,Euro,2349935.76,US Dollar,Bitcoin,0
2022/02/22 22:34,TD,886397410,RBC,833012852,3045.36,Euro,490893.79,Japanese Yen,Reinvestment,0
2022/12/22 04:21,DB,852676804,BARC,899438746,68.05,Euro,6124.48,Indian Rupee,Cash,0
2022/09/19 20:47,HSBC,811783979,BNP,841219836,262176.0,Saudi Riyal,70787.52,US Dollar,Cheque,0
2022/05/05 19:05,SBI,876937935,JPM,849810955,5744.48,British Pound,6456.19,Swiss Franc,Cheque,0
2022/11/03 14:47,JPM,847329499,SBI,852619317,789991.74,UAE Dirham,213297.77,US Dollar,Bitcoin,0
2022/01/13 07:54,JPM,842514108,JPM,837624348,942982.31,US Dollar,3492527.09,UAE Dirham,Cheque,0
2022/12/23 23:14,RBC,879990777,CITI,853169386,4409256.91,Indian Rupee,41662.27,British Pound,ACH,0
2022/04/09 01:40,AXIS,822315737,SBI,833310374,466588.22,UAE Dirham,466588.22,Saudi Riyal,Cheque,0
2022/08/07 23:29,SBI,836512868,UBS,842873271,81131.95,British Pound,158519.35,Australian Dollar,Cash,0
2022/11/22 06:17,BARC,820739561,WELLS,858262270,4469.62,Australian Dollar,4469.62,Australian Dollar,Cash,0
2022/08/10 04:52,WELLS,861193233,HDFC,867364292,13680758.15,Japanese Yen,84871.37,Euro,Reinvestment,0
2022/07/14 14:19,BOA,885449435,CITI,891339346,79.75,Euro,7177.15,Indian Rupee,Cheque,0
2022/04/08 00:00,HSBC,860232033,UBS,875961801,4867216.87,Australian Dollar,4867216.87,Australian Dollar,Credit Card,0
2022/06/07 20:37,CITI,815211257,TD,826707088,18424.39,Saudi Riyal,7653.21,Australian Dollar,Credit Card,0
2022/06/28 16:45,DB,859416355,UBS,817744982,128752.91,Australian Dollar,128752.91,Australian Dollar,Wire,0
2022/07/05 20:45,HDFC,899345471,UBS,896615201,89599440.18,Japanese Yen,472689.96,British Pound,Cheque,0
2022/11/05 18:42,SBI,825667321,HDFC,822389075,487331.34,Australian Dollar,487331.34,Australian Dollar,Wire,0
2022/04/07 13:10,CITI,850563223,BOA,877195678,153537.53,Australian Dollar,369627.38,UAE Dirham,Bitcoin,0
2022/02/15 03:40,BARC,856223620,BARC,829154679,13583.01,Swiss Franc,2290865.99,Japanese Yen,Credit Card,1
2022/03/28 15:00,ICICI,866081482,BARC,880459205,9081643.81,Japanese Yen,93610.79,Australian Dollar,Credit Card,0
2022/03/10 06:31,HSBC,870486666,ICICI,886113817,6694.73,British Pound,7524.17,Swiss Franc,Bitcoin,0
2022/05/13 13:28,TD,824655964,BNP,895420677,4514.98,Euro,3839.51,British Pound,Credit Card,0
2022/01/16 18:15,WELLS,823530374,DB,811275951,2021053.73,Japanese Yen,13541.06,US Dollar,Cash,0
2022/01/22 03:13,BARC,860421010,HDFC,890931259,105966659.01,Japanese Yen,2629543.02,UAE Dirham,Credit Card,0
2022/06/22 11:43,JPM,842158168,JPM,858480869,487899.48,Australian Dollar,487899.48,Australian Dollar,Bitcoin,0
2022/02/21 00:29,UBS,828637880,CITI,813446768,439400.97,Euro,1757603.89,Saudi Riyal,Reinvestment,0
2022/05/08 11:28,DB,873780187,DB,879110587,3691.15,Swiss Franc,6416.93,Australian Dollar,Bitcoin,0
2022/11/21 11:55,BARC,853691252,UBS,869633763,31046.25,Saudi Riyal,7418.13,Swiss Franc,Bitcoin,0
2022/08/08 15:42,UBS,823482938,TD,861654839,37.65,Saudi Riyal,1517.3,Japanese Yen,Cash,0
2022/09/16 01:08,BARC,850446284,ICICI,883651529,45332.89,British Pound,4797730.5,Indian Rupee,ACH,0
2022/05/04 07:13,BARC,822003335,DB,824155900,6042.91,US Dollar,9296.78,Australian Dollar,ACH,0
2022/04/23 23:16,WELLS,826521948,TD,899318726,1180910.91,UAE Dirham,251059.8,British Pound,Bitcoin,0
2022/04/25 18:49,BNP,896434410,ICICI,856066984,394690.12,Australian Dollar,394690.12,Australian Dollar,Bitcoin,0
2022/04/30 07:16,BOA,824949509,ICICI,821964091,10553989.33,Saudi Riyal,3850779.89,Canadian Dollar,Wire,0
2022/03/07 10:24,UBS,851714724,HDFC,818306055,3942.64,UAE Dirham,3942.64,Saudi Riyal,ACH,0
2022/07/06 21:59,SBI,899086047,HSBC,890747752,45.63,Swiss Franc,190.97,Saudi Riyal,Bitcoin,0
2022/03/16 09:53,WELLS,871174364,DB,829787096,269474.91,Japanese Yen,6686.97,Saudi Riyal,Bitcoin,0
2022/01/18 19:20,HSBC,826571059,UBS,846702178,2603148.3,Indian Rupee,115695.48,Saudi Riyal,Credit Card,0
2022/07/12 01:51,SBI,838268009,RBC,840208616,2971086.28,British Pound,3773279.58,US Dollar,Credit Card,0
2022/12/04 05:01,CITI,866698597,JPM,873541573,6063.06,Australian Dollar,5325.66,Canadian Dollar,Credit Card,0
2022/04/10 22:54,CITI,827569192,ICICI,853408507,96578.43,US Dollar,357697.89,Saudi Riyal,ACH,0
2022/10/23 04:28,WELLS,829437798,BOA,838154362,14474.93,Swiss Franc,14474.93,Swiss Franc,Reinvestment,0
2022/02/22 21:50,SBI,867325876,CITI,832578497,4436.45,Euro,4791.37,US Dollar,Wire,0
2022/09/21 20:21,CITI,894150830,SBI,864223156,4550.26,US Dollar,4026.78,Swiss Franc,Credit Card,0
2022/03/30 20:47,BARC,898384904,UBS,822027404,121.23,Australian Dollar,6566.64,Indian Rupee,Credit Card,1
2022/03/01 02:07,DB,878417285,DB,840190270,1076255.48,Saudi Riyal,290588.98,US Dollar,Credit Card,0
2022/02/18 18:11,WELLS,868204387,DB,850045650,154.91,British Pound,728.63,Saudi Riyal,Bitcoin,0
2022/04/05 12:52,HDFC,884633131,CITI,881996642,188723.93,Indian Rupee,8387.73,UAE Dirham,Cash,0
2022/11/30 03:48,AXIS,825747238,DB,834248334,962.56,British Pound,4527.61,Saudi Riyal,Credit Card,0
2022/03/07 18:13,SBI,885496963,ICICI,844461808,2571914.26,Euro,2777667.4,US Dollar,Credit Card,0
2022/03/29 13:42,AXIS,816196330,BOA,879718468,144.25,UAE Dirham,5813.01,Japanese Yen,Reinvestment,0
2022/06/30 19:34,AXIS,823288780,UBS,898934947,1329.65,Swiss Franc,1502.51,US Dollar,Bitcoin,0
2022/03/10 19:35,BNP,847231423,JPM,827245919,1090.04,Australian Dollar,2624.18,Saudi Riyal,ACH,0
2022/03/25 12:29,BOA,867088619,DB,829225877,1757.03,Swiss Franc,7353.48,UAE Dirham,Reinvestment,0
2022/04/09 22:23,DB,878642629,DB,891194302,322416.99,Australian Dollar,165016.57,British Pound,Bitcoin,0
2022/01/14 19:15,BOA,881332718,ICICI,824762625,2674.15,Australian Dollar,6437.76,UAE Dirham,Credit Card,0
2022/05/20 04:55,AXIS,811323834,BOA,823146204,655.48,Swiss Franc,1139.53,Australian Dollar,Wire,0
2022/06/06 18:52,WELLS,880995825,ICICI,856828593,12398190.45,Japanese Yen,307658.8,Saudi Riyal,Wire,0
2022/07/19 05:22,UBS,881361168,DB,884044121,566.15,Australian Dollar,1362.96,Saudi Riyal,Wire,0
2022/03/21 21:08,CITI,845885781,BNP,817095369,140756.8,Swiss Franc,214939.44,Canadian Dollar,ACH,0
2022/07/01 14:32,BOA,879873032,CITI,840704198,14450.39,Euro,2329316.53,Japanese Yen,Credit Card,0
2022/11/21 02:04,AXIS,832161108,ICICI,887217700,260683.6,Euro,281538.29,US Dollar,ACH,0
2022/01/06 13:43,TD,828311107,UBS,874378331,15183.08,UAE Dirham,341619.34,Indian Rupee,Cash,0
2022/07/27 00:39,TD,810978481,RBC,867039703,2705.81,Canadian Dollar,7415.93,UAE Dirham,Bitcoin,0
2022/09/28 21:38,BNP,832620027,WELLS,880265183,7483.05,British Pound,8410.15,Swiss Franc,Cash,0
2022/01/27 13:31,SBI,825197944,JPM,855360034,18247941.98,UAE Dirham,4360127.73,Swiss Franc,Credit Card,0
2022/05/31 08:13,UBS,886348673,DB,862830980,812268833.01,Japanese Yen,4816107.24,Swiss Franc,Cash,0
2022/01/19 14:57,RBC,817717080,WELLS,857747160,11309.89,Saudi Riyal,3053.67,US Dollar,Wire,1
2022/04/06 12:22,ICICI,876041312,CITI,836513965,341272.92,UAE Dirham,85318.23,Euro,Wire,0
2022/01/04 04:49,BOA,873176107,AXIS,863064163,986597.82,Japanese Yen,8932.71,Canadian Dollar,Cash,0
2022/02/25 14:42,WELLS,828773624,SBI,857477880,5666.76,US Dollar,8718.09,Australian Dollar,Cheque,0
2022/05/26 01:08,CITI,854454724,UBS,814242158,5415645.09,Swiss Franc,4818644.84,British Pound,Credit Card,0
2022/09/08 17:31,DB,827103900,UBS,853605688,899233.28,UAE Dirham,373527.67,Australian Dollar,Bitcoin,0
2022/02/26 03:50,SBI,856187078,SBI,877108989,7358.73,Swiss Franc,8315.37,US Dollar,ACH,0
2022/01/05 13:30,BOA,821088383,WELLS,867572954,21600.87,Saudi Riyal,5161.27,Swiss Franc,Cheque,0
2022/02/28 08:44,DB,867600736,RBC,836630469,2846.04,Euro,256143.63,Indian Rupee,Cheque,0
2022/10/30 20:40,AXIS,827756443,ICICI,863859314,698648132.84,Japanese Yen,4680942.49,US Dollar,ACH,1
2022/04/13 02:55,CITI,880460439,CITI,851130478,4844.03,Swiss Franc,4844.03,Swiss Franc,Cash,0
2022/01/27 09:07,JPM,857113712,BOA,866112969,2012441.91,Canadian Dollar,1317882.31,Swiss Franc,Wire,0
2022/06/14 06:18,BOA,891405981,TD,823524006,2540.49,British Pound,4963.73,Australian Dollar,Credit Card,0
2022/02/19 21:00,HSBC,827489655,BARC,854454486,298566.43,Canadian Dollar,298566.43,Canadian Dollar,Cash,0
2022/11/29 08:13,CITI,824276138,ICICI,827513454,2421.62,Euro,9686.47,Saudi Riyal,Reinvestment,0
2022/04/09 22:28,ICICI,883360594,ICICI,893082165,54663453.19,Japanese Yen,494925.86,Canadian Dollar,Cheque,0
2022/03/20 01:08,CITI,843893399,HSBC,885208373,7201.53,Canadian Dollar,7201.53,Canadian Dollar,ACH,0
2022/08/03 16:59,BARC,832405653,HDFC,890417043,50.45,British Pound,9562.45,Japanese Yen,Wire,0
2022/12/22 06:47,CITI,881466893,WELLS,878919151,4372.61,British Pound,5141.86,Euro,Cash,0
2022/07/25 19:17,SBI,831475246,HDFC,886758847,1844770.87,Saudi Riyal,440785.96,Swiss Franc,Bitcoin,0
2022/09/15 22:46,BOA,839573041,BOA,849777260,57.49,UAE Dirham,2316.9,Japanese Yen,Cash,0
2022/01/21 20:09,BOA,827847118,TD,846297151,1278651.1,Swiss Franc,1444875.74,US Dollar,Wire,1
2022/06/27 20:38,JPM,883722452,ICICI,845438604,3569733.62,Australian Dollar,1827029.02,British Pound,Wire,0
2022/01/06 11:14,BOA,844358021,SBI,812098962,7483.12,Saudi Riyal,7483.12,UAE Dirham,ACH,0
2022/05/12 20:40,HSBC,869349051,AXIS,839613670,699689.88,Japanese Yen,6335.03,Canadian Dollar,Bitcoin,0
2022/03/21 14:14,UBS,859478024,CITI,829909077,51.64,Euro,4647.96,Indian Rupee,Bitcoin,0
2022/04/07 18:31,SBI,847855338,DB,812824921,22045.36,British Pound,4178746.4,Japanese Yen,Reinvestment,0
2022/02/05 04:04,AXIS,896586373,WELLS,864023212,30117.6,UAE Dirham,7529.4,Euro,Wire,0
2022/07/13 12:01,RBC,896500924,HDFC,815870689,158639.49,Swiss Franc,141151.67,British Pound,Reinvestment,0
2022/01/05 03:34,RBC,821403835,JPM,837155151,47336206.23,Indian Rupee,447271.24,British Pound,Bitcoin,0
2022/06/19 15:09,HDFC,845897422,HSBC,894219725,135.2,Euro,540.81,UAE Dirham,Cash,0
2022/09/19 13:09,TD,813221342,AXIS,840423822,6588.11,Australian Dollar,6588.11,Australian Dollar,Cheque,0
2022/12/17 12:43,UBS,825087236,RBC,876011040,11252.46,Euro,9569.02,British Pound,Credit Card,0
2022/11/12 10:07,TD,821382241,TD,815817913,1137.78,British Pound,5351.76,Saudi Riyal,Cash,0
2022/08/06 04:57,DB,893853635,BOA,848521233,3455.1,Euro,5042.58,Canadian Dollar,Credit Card,0
2022/12/31 02:50,RBC,829950518,TD,898027250,7761.21,Canadian Dollar,4522.28,British Pound,Bitcoin,0
2022/09/02 02:07,CITI,847376435,UBS,829416986,1924188.58,Canadian Dollar,1318425.51,Euro,ACH,0
2022/09/11 13:30,CITI,895443567,BNP,854756934,6224.64,Swiss Franc,5538.46,British Pound,Cash,0
2022/09/30 17:52,CITI,887975659,ICICI,866618508,407533.12,Saudi Riyal,407533.12,UAE Dirham,Cheque,0
2022/05/01 11:00,RBC,858640295,HDFC,884943752,7257.62,British Pound,768098.25,Indian Rupee,Credit Card,0
2022/03/13 09:29,RBC,884021128,RBC,866515994,37374.18,Swiss Franc,37374.18,Swiss Franc,Cheque,0
2022/12/23 22:09,UBS,867003442,HDFC,859886613,42729.11,Euro,46147.44,US Dollar,Bitcoin,0
2022/03/22 00:09,SBI,842889491,ICICI,820343529,792898.11,Saudi Riyal,214082.49,US Dollar,Bitcoin,0
2022/03/13 23:33,BOA,865233612,WELLS,855276604,19.72,US Dollar,1643.28,Indian Rupee,Reinvestment,0
2022/03/30 16:10,CITI,866857416,RBC,870974645,111160449.54,Japanese Yen,2758425.97,UAE Dirham,Reinvestment,0
2022/03/22 08:05,CITI,838435937,SBI,863741103,518.01,US Dollar,1918.57,Saudi Riyal,Reinvestment,0
2022/11/06 02:52,WELLS,852035604,WELLS,897603904,8053.06,Australian Dollar,8053.06,Australian Dollar,Reinvestment,0
2022/05/19 03:06,JPM,855026244,BNP,813764654,194629.85,Japanese Yen,1154.0,Swiss Franc,Cheque,0
2022/06/08 06:35,DB,814344197,TD,842257238,18869.1,Euro,3041585.66,Japanese Yen,Cash,0
2022/09/05 01:03,ICICI,811137995,BOA,857868637,1691.4,Australian Dollar,164091.5,Japanese Yen,ACH,0
2022/03/08 22:43,JPM,877589149,CITI,823556377,1696.77,British Pound,7981.09,UAE Dirham,ACH,0
2022/01/20 09:10,DB,820570029,WELLS,894013952,3950737.63,Swiss Franc,4133642.15,Euro,Reinvestment,0
2022/03/24 16:33,BNP,880234403,DB,855823984,34.65,British Pound,3667.13,Indian Rupee,Bitcoin,0
2022/01/21 22:49,CITI,838027431,AXIS,891924787,762763.47,Euro,3051053.88,Saudi Riyal,ACH,0
2022/01/08 04:49,BOA,821699448,HSBC,876962870,841243.5,Indian Rupee,9347.15,Euro,Cheque,0
2022/10/23 11:22,ICICI,871839630,SBI,844620670,405854.76,Japanese Yen,226602.24,Indian Rupee,Cheque,0
2022/10/19 15:02,RBC,863813150,BOA,864899510,1099.89,British Pound,5173.54,Saudi Riyal,Cash,0
2022/07/11 02:43,HSBC,845276100,WELLS,815727818,35089.26,US Dollar,129960.22,Saudi Riyal,Bitcoin,0
2022/03/21 03:18,SBI,863590510,BNP,819795032,6104047.09,Australian Dollar,3511177.53,Swiss Franc,Credit Card,0
2022/11/25 17:57,WELLS,821518907,ICICI,834195880,179015.47,Australian Dollar,107740.79,Euro,Credit Card,0
2022/06/25 19:31,UBS,873917095,UBS,825344634,916.69,Indian Rupee,1641.84,Japanese Yen,ACH,0
2022/04/20 10:36,BNP,861040965,BARC,818375220,1662602.1,Australian Dollar,1460393.74,Canadian Dollar,Cheque,0
2022/12/17 13:17,DB,821219432,SBI,829023738,492210.81,Japanese Yen,3053.53,Euro,Reinvestment,0
2022/08/03 16:13,TD,834706569,BOA,817213167,12555.32,Australian Dollar,7556.44,Euro,Cheque,0
2022/08/03 15:30,UBS,831567333,BARC,868624154,543.54,Saudi Riyal,198.32,Canadian Dollar,Bitcoin,0
2022/04/12 02:46,BNP,829410197,BNP,853450650,3434.13,US Dollar,4640.72,Canadian Dollar,Cheque,0
2022/06/12 03:50,CITI,879886056,BOA,810493503,3052.62,British Pound,323069.03,Indian Rupee,Cash,0
2022/04/22 23:12,UBS,832293702,HSBC,890657252,5481.01,Swiss Franc,9528.53,Australian Dollar,Reinvestment,0
2022/01/08 11:52,HDFC,851200201,BOA,877388734,21009489.3,Indian Rupee,233438.77,Euro,ACH,0
2022/10/05 13:33,JPM,833597329,ICICI,871582256,5260.99,Canadian Dollar,5989.43,Australian Dollar,Cash,0
2022/05/26 21:44,CITI,848016951,DB,893265522,60867.9,Euro,60867.9,Euro,Reinvestment,1
2022/07/30 03:31,BARC,883112925,BNP,823381785,1155.17,UAE Dirham,25991.41,Indian Rupee,Credit Card,0
2022/04/19 07:49,HSBC,825368078,CITI,836247650,88.42,Euro,7958.14,Indian Rupee,ACH,0
2022/11/27 22:50,CITI,860283839,HDFC,840056261,266814.4,Japanese Yen,6620.95,UAE Dirham,Credit Card,0
2022/08/01 21:15,TD,865640853,TD,814385512,3806.62,US Dollar,3806.62,US Dollar,Bitcoin,0
2022/11/04 10:21,BNP,842458022,CITI,884590103,116612.12,Swiss Franc,202725.69,Australian Dollar,Wire,0
2022/10/23 13:08,CITI,833315937,UBS,864105718,6541.05,UAE Dirham,2386.6,Canadian Dollar,Reinvestment,0
2022/09/16 03:40,BARC,894197247,CITI,844927495,301237.43,British Pound,1416931.6,UAE Dirham,Wire,0
2022/01/06 20:49,SBI,892959929,HDFC,882970485,29796.64,Saudi Riyal,7449.16,Euro,Cheque,0
2022/11/21 20:49,SBI,897580116,AXIS,839763482,771.83,Swiss Franc,130174.66,Japanese Yen,Bitcoin,0
2022/07/13 08:42,BOA,829296419,ICICI,894213304,3700710.52,Saudi Riyal,999191.84,US Dollar,Cash,0
2022/03/14 09:16,SBI,820385959,ICICI,876336447,3248.97,Swiss Franc,4961.27,Canadian Dollar,Wire,0
2022/09/07 20:04,DB,860365788,CITI,852088657,1.89,British Pound,200.39,Indian Rupee,Cheque,0
2022/11/20 19:54,ICICI,856544523,JPM,874949433,87610.25,Saudi Riyal,87610.25,Saudi Riyal,Reinvestment,0
2022/03/04 06:38,HSBC,879524101,HDFC,878685213,1142492.07,Swiss Franc,1016548.06,British Pound,Cheque,0
2022/03/12 07:05,UBS,845915393,SBI,846730893,21966.27,Swiss Franc,2068490.21,Indian Rupee,Cash,0
2022/08/28 23:51,CITI,863679326,HSBC,835911301,44.71,British Pound,8475.75,Japanese Yen,Reinvestment,0
2022/07/21 03:37,BARC,851820248,BNP,832233584,425347.07,Indian Rupee,4516.96,Swiss Franc,Cash,0
2022/06/13 19:06,CITI,836806068,CITI,886120515,4187037.6,Canadian Dollar,4187037.6,Canadian Dollar,ACH,0
2022/01/18 16:16,CITI,891051682,BOA,896583583,450.62,Canadian Dollar,1235.03,UAE Dirham,Bitcoin,0
2022/04/06 11:15,AXIS,859883400,DB,859924201,5584.62,Canadian Dollar,3254.03,British Pound,Wire,0
2022/04/20 14:36,JPM,841225585,TD,885382123,3656.27,Australian Dollar,2200.53,Euro,Cheque,0
2022/05/23 22:38,BARC,820042733,RBC,887034049,3269.2,Australian Dollar,3269.2,Australian Dollar,Cheque,0
2022/09/10 15:02,CITI,826655437,ICICI,870771788,18298.77,Saudi Riyal,3890.29,British Pound,Cash,0
2022/01/10 20:50,BNP,871977968,HDFC,848166934,10514.27,Australian Dollar,5381.32,British Pound,Cash,0
2022/11/27 00:04,ICICI,865710942,RBC,850399304,1866.66,Canadian Dollar,206168.73,Japanese Yen,Cash,0
2022/09/10 19:03,BOA,871012928,UBS,876214520,1404505.34,Canadian Dollar,962346.25,Euro,Cheque,0
2022/01/06 04:06,RBC,868476310,UBS,840379009,10621.6,Euro,9032.54,British Pound,Credit Card,0
2022/10/03 00:59,RBC,844854691,HDFC,815781587,904704.97,US Dollar,837689.79,Euro,Credit Card,0
2022/07/14 08:44,TD,888309763,SBI,871833270,1331.04,British Pound,1565.21,Euro,Cash,0
2022/07/31 20:28,ICICI,880811787,HSBC,842282510,10989252.68,Indian Rupee,488411.23,Saudi Riyal,Credit Card,0
2022/09/05 07:05,BARC,821112459,BOA,857380159,88474.33,Swiss Franc,370281.46,UAE Dirham,Cheque,0
2022/02/08 15:03,HDFC,839009211,DB,872834081,1996.28,Swiss Franc,3470.46,Australian Dollar,Bitcoin,0
2022/09/28 16:54,BARC,870937796,BOA,897951446,6526.86,UAE Dirham,1387.6,British Pound,Credit Card,0
2022/08/20 19:32,BARC,835226688,CITI,819212612,32.37,Australian Dollar,3140.75,Japanese Yen,Bitcoin,0
2022/02/22 04:29,ICICI,824790683,UBS,842287747,31916.67,Indian Rupee,383.0,US Dollar,Reinvestment,0
2022/06/30 08:07,HSBC,857570364,ICICI,867911411,3884.17,British Pound,4365.4,Swiss Franc,Credit Card,0
2022/05/20 11:06,DB,866718851,CITI,836029062,35.46,Swiss Franc,5981.09,Japanese Yen,Cash,0
2022/09/23 13:06,HDFC,843412730,DB,824909280,474.3,Euro,453.31,Swiss Franc,Credit Card,0
2022/09/30 03:17,TD,864299043,BNP,862601013,4970.26,Euro,8258.28,Australian Dollar,Reinvestment,0
2022/04/16 05:50,JPM,848653705,DB,890035829,34.05,US Dollar,5082.08,Japanese Yen,Reinvestment,0
2022/06/06 22:15,JPM,819322043,DB,832366774,1953485.6,Canadian Dollar,1138251.45,British Pound,Wire,0
2022/08/08 10:01,BOA,820331687,TD,832914336,17744.15,Saudi Riyal,4790.92,US Dollar,Wire,0
2022/05/07 15:07,RBC,886137251,HDFC,849011532,1590145.67,UAE Dirham,379946.31,Swiss Franc,Bitcoin,0
2022/06/05 23:21,WELLS,857081034,UBS,883244637,2591.58,Indian Rupee,4641.63,Japanese Yen,Bitcoin,0
2022/12/30 10:57,BARC,889959344,DB,875009006,59130099.94,Japanese Yen,366825.62,Euro,Wire,0
2022/07/30 07:42,JPM,814147955,WELLS,842798491,3102.59,Australian Dollar,7469.21,Saudi Riyal,Cheque,0
2022/07/13 20:06,TD,883137443,DB,870299910,1450.51,British Pound,6822.76,UAE Dirham,Credit Card,0
2022/08/02 08:19,HDFC,879803651,BNP,856073515,1151.19,Euro,4604.77,Saudi Riyal,Bitcoin,0
2022/05/28 03:00,TD,829747600,DB,872588071,15555515.51,UAE Dirham,3307078.1,British Pound,Reinvestment,0
2022/09/07 09:04,BOA,870915814,HDFC,815496631,11887520.73,Japanese Yen,70483.53,Swiss Franc,ACH,0
2022/08/09 11:42,HDFC,843746828,HDFC,828484302,28272052.33,Japanese Yen,255976.69,Canadian Dollar,Bitcoin,0
2022/02/14 22:17,UBS,867988874,AXIS,888547547,771226.39,Japanese Yen,4784.46,Euro,Credit Card,0
2022/12/14 20:24,CITI,823171952,TD,845065845,141.01,Saudi Riyal,5682.69,Japanese Yen,Reinvestment,0
2022/10/24 04:43,AXIS,828212104,BOA,865876491,226.37,Swiss Franc,947.42,UAE Dirham,Cash,0
2022/08/25 17:11,BARC,868638761,TD,822890579,15057.87,UAE Dirham,3201.28,British Pound,Reinvestment,0
2022/08/28 11:27,CITI,871912488,CITI,813714198,646416.13,US Dollar,2394133.8,UAE Dirham,Bitcoin,0
2022/06/04 07:37,JPM,893334410,SBI,882916404,341189.73,Japanese Yen,8466.56,Saudi Riyal,Cheque,0
2022/01/04 14:51,RBC,871769783,HSBC,817294228,10652.17,US Dollar,9863.12,Euro,Wire,0
2022/02/19 09:36,UBS,818169131,JPM,826299760,35979.93,UAE Dirham,35979.93,Saudi Riyal,Cheque,0
2022/10/15 23:31,AXIS,895854802,TD,830773615,468900.29,Japanese Yen,468900.29,Japanese Yen,Bitcoin,0
2022/12/19 06:07,HDFC,891039410,SBI,826244964,281.43,Euro,1125.71,UAE Dirham,Wire,0
2022/08/16 12:03,ICICI,864298766,BOA,874923735,312321.58,Swiss Franc,277892.43,British Pound,Bitcoin,0
2022/08/13 21:39,CITI,895388938,SBI,812906871,332158.03,British Pound,332158.03,British Pound,Cheque,0
2022/12/25 17:12,WELLS,848849191,BOA,899595102,26840.92,Saudi Riyal,6710.23,Euro,ACH,0
2022/02/24 14:26,CITI,813754158,SBI,848040286,171.11,Euro,15399.63,Indian Rupee,Credit Card,0
2022/11/30 21:39,HDFC,857610634,TD,828697002,9819.36,Indian Rupee,9819.36,Indian Rupee,Credit Card,0
2022/09/15 06:22,UBS,862428709,HSBC,878859755,155124.42,British Pound,182414.83,Euro,Reinvestment,0
2022/08/24 22:54,SBI,898374850,BOA,850658560,2048163.86,Euro,3403103.03,Australian Dollar,ACH,0
2022/11/07 21:11,UBS,878045733,TD,898436745,133321.97,Japanese Yen,3308.36,UAE Dirham,Cash,0
2022/11/13 12:04,HDFC,831364734,RBC,841098826,6825.29,Euro,6825.29,Euro,Credit Card,0
2022/05/02 03:57,SBI,861550809,UBS,866378982,71379.52,US Dollar,66092.15,Euro,Bitcoin,0
2022/08/15 11:38,RBC,833362909,HDFC,853105260,890083.8,Indian Rupee,9889.82,Euro,Cash,0
2022/04/11 08:31,DB,840265633,BOA,837003632,793748.81,Australian Dollar,406249.39,British Pound,Cheque,0
2022/01/13 20:42,AXIS,828865991,HDFC,810702802,493637.69,Australian Dollar,433600.67,Canadian Dollar,Credit Card,0
2022/11/25 16:31,RBC,886553774,AXIS,873583349,3286.55,Canadian Dollar,9007.58,UAE Dirham,Bitcoin,0
2022/02/04 14:27,CITI,819511690,RBC,886390345,132773.01,British Pound,156131.22,Euro,Wire,0
2022/01/27 19:34,HDFC,848909246,AXIS,843739900,7666.13,Canadian Dollar,8727.59,Australian Dollar,Credit Card,0
2022/10/22 07:54,TD,877115173,BNP,851908052,16864.92,Saudi Riyal,7005.43,Australian Dollar,Wire,0
2022/05/15 20:01,JPM,845014869,CITI,836912165,4081.96,US Dollar,5516.16,Canadian Dollar,Reinvestment,0
2022/12/06 01:15,ICICI,885679497,BARC,891873043,6452141.92,Canadian Dollar,4774585.02,US Dollar,Cash,0
2022/02/11 17:30,BOA,815602379,UBS,823966860,27388759.17,Indian Rupee,328665.11,US Dollar,ACH,0
2022/04/27 00:59,HDFC,836330066,BARC,881697212,154349.67,Australian Dollar,371582.55,Saudi Riyal,Cash,0
2022/07/18 12:44,CITI,867288633,UBS,883758671,10561.87,Euro,8981.75,British Pound,Credit Card,0
2022/06/25 13:58,AXIS,822346797,AXIS,889002900,6681.8,Swiss Franc,7550.43,US Dollar,Bitcoin,0
2022/10/18 01:51,RBC,843544016,UBS,817634795,2038.91,US Dollar,1887.88,Euro,Wire,0
2022/11/05 20:56,BOA,891352565,SBI,863394315,526.95,Euro,47425.16,Indian Rupee,Cash,0
2022/12/28 23:52,TD,839566459,TD,869531177,1389.03,Canadian Dollar,153414.87,Japanese Yen,Reinvestment,0
2022/05/17 10:44,HSBC,817247426,ICICI,856524622,2110.38,Saudi Riyal,876.62,Australian Dollar,Cheque,0
2022/09/24 07:19,HSBC,826474964,AXIS,859981337,4626024.19,US Dollar,3642538.73,British Pound,Reinvestment,0
2022/02/28 00:31,HDFC,847308143,BOA,888952257,4986733.06,Japanese Yen,51401.71,Australian Dollar,Credit Card,0
2022/07/16 15:01,CITI,869595320,CITI,815961354,6633.26,Swiss Franc,6633.26,Swiss Franc,Cash,0
2022/06/06 01:34,JPM,813488600,TD,891703604,33086806.0,Japanese Yen,299569.73,Canadian Dollar,Bitcoin,0
